date,time_month,year,month,upwelling,ui,Isotherm_21,sst,temp_50m,euphotic_depth_obs,MLD,boundary_adj,boundary_flag,regime_adjusted,depth_cutoff,cutoff_source,TotChlA_mmolN,micro_mmolN,nano_mmolN,pico_mmolN,micro_frac,nano_frac,pico_frac,micro_frac_N,nano_frac_N,pico_frac_N,size_centroid,size_shannon,slope_2pt,nbss_slope,TChla_reconstructed,hplc_date,n_hplc_samples,NO3_mmolN,PON_mmolN,PP_mgC_m2_d,PP_mmolN_m3_d,Chl_niskin_mgm3,Phaeo_niskin_mgm3,Chl_niskin_mmolN,PhaeoChl_ratio,Temp_C,niskin_date,n_niskin_samples,FN_mmolN_m2_d,zoo_gt200_mmolN,zoo_gt500_mmolN,n_zoo_samples,export_flux_mmolN,export_flux_C,trap_CN,export_flux_corrected_mmolN
1995-11-01,11-1995,1995,11,relaxed,relaxed,131,27.484450618477144,24.793,NA,25,,FALSE,relaxed,56.08355365863122,isotherm_chl_model,NA,NA,NA,NA,NA,NA,NA,NA,NA,NA,NA,NA,NA,NA,NA,NA,NA,0.4299877178874257,NA,NA,NA,0.17116908707043754,0.22269263313034618,0.10756387731634803,1.3010096445668735,26.124723934258586,1995-11-08,1,NA,NA,NA,NA,0.39266081245091744,3.2470235617350762,8.3187578053451,1.2932702327681305
1995-12-01,12-1995,1995,12,relaxed,relaxed,115,25.49070145305514,23.893,NA,20,,FALSE,relaxed,NA,no_prediction,NA,NA,NA,NA,NA,NA,NA,NA,NA,NA,NA,NA,NA,NA,NA,NA,NA,NA,NA,NA,NA,NA,NA,NA,NA,NA,NA,NA,NA,NA,NA,NA,0.24987506246876565,2.0397968528848556,7.813412705020398,NA
1996-01-01,01-1996,1996,1,relaxed,relaxed,103,24.288175499096262,22.742,NA,39,,FALSE,relaxed,NA,no_prediction,NA,NA,NA,NA,NA,NA,NA,NA,NA,NA,NA,NA,NA,NA,NA,NA,NA,NA,NA,NA,NA,NA,NA,NA,NA,NA,NA,NA,NA,NA,NA,NA,0.5711429999286072,4.690145144728444,8.289603280326368,NA
1996-02-01,02-1996,1996,2,relaxed,relaxed,96,23.997194321959267,22.407,NA,29,leading,TRUE,transition,NA,no_prediction,NA,NA,NA,NA,NA,NA,NA,NA,NA,NA,NA,NA,NA,NA,NA,NA,NA,NA,NA,NA,NA,NA,NA,NA,NA,NA,NA,NA,NA,NA,NA,NA,0.8567144998929107,7.160103238697862,8.418369099159104,NA
1996-03-01,03-1996,1996,3,upwelling,moderate,49,22.654545454545453,20.959,NA,33,leading,FALSE,upwelling,23.93653117772544,isotherm_chl_model,NA,NA,NA,NA,NA,NA,NA,NA,NA,NA,NA,NA,NA,NA,FALSE,1996-03-13,1,0.7518834304346602,37.80686686552303,2076.1357408315725,1.090098246750272,2.526166902081276,1.2482315799835413,1.5874613307032037,0.4941207878842604,22.374433449225336,1996-03-13,1,5.512469832230981,NA,NA,NA,1.1422859998572144,9.574556656398302,8.600584880526185,7.8111132254972375
1996-04-01,04-1996,1996,4,upwelling,moderate,49,22.82918181818182,20.899,NA,38,both,FALSE,upwelling,16.10070461667627,isotherm_chl_model,NA,NA,NA,NA,NA,NA,NA,NA,NA,NA,NA,NA,NA,NA,FALSE,1996-04-16,1,1.1106117992804085,25.40023328925293,888.4615501644444,0.6935293820535995,5.062572999613613,2.2121701778619483,3.1813570449867954,0.43696558608256836,22.5210624004776,1996-04-16,1,2.259267098578991,NA,NA,NA,0.42835724994645535,3.7465656481558574,8.746357505619848,4.116288569560928
1996-05-01,05-1996,1996,5,upwelling,moderate,32,22.782758826139236,20.768,NA,16,both,FALSE,upwelling,18.98266183842312,isotherm_chl_model,NA,NA,NA,NA,NA,NA,NA,NA,NA,NA,NA,NA,NA,NA,FALSE,1996-05-09,1,3.7835394707571433,21.793292224029013,7865.054492232903,5.2073376017738005,4.490722855051299,1.5721186774509341,2.8220023282807087,0.35008142969289857,22.327615634396,1996-05-09,1,21.33908645112893,NA,NA,NA,NA,NA,NA,NA
1996-06-01,06-1996,1996,6,upwelling,weak,82,24.937818181818184,21.569,NA,20,trailing,FALSE,upwelling,40.35365370524359,isotherm_chl_model,NA,NA,NA,NA,NA,NA,NA,NA,NA,NA,NA,NA,NA,NA,FALSE,1996-06-12,1,1.8953739675951304,17.094645632945884,1179.1379090177531,0.3672424273483535,0.5818857772779413,0.4028027077308902,0.36566118000907505,0.6922367300592897,23.718803347007565,1996-06-12,1,2.759059576838796,NA,NA,NA,NA,NA,NA,NA
1996-07-01,07-1996,1996,7,relaxed,relaxed,109,27.06609090909091,22.685,NA,14,both,FALSE,relaxed,50.83115056167645,isotherm_chl_model,0.34766748370894934,0.04813416403328163,0.17132860284565346,0.12820471683001425,0.24282565307888632,0.5084193648247208,0.24875498209639288,0.13844885210368782,0.4927944397270169,0.3687567081692953,0.5690326933879744,0.9903594524391175,-0.2127252850688066,-1.0709084283562689,FALSE,1996-07-10,1,2.449284465529253,6.718621037875394,699.7130699855704,0.17300599642645026,0.33579165793438664,0.34869968216292246,0.21101387707375086,1.038440574456016,24.55280398641245,1996-07-10,1,1.4787642476934224,NA,NA,NA,NA,NA,NA,NA
1996-08-01,08-1996,1996,8,upwelling,weak,87,25.578717959175354,21.966,NA,21,,FALSE,upwelling,52.1686851307888,isotherm_chl_model,NA,NA,NA,NA,NA,NA,NA,NA,NA,NA,NA,NA,NA,NA,FALSE,1996-08-06,1,2.7910225281046945,4.346039915887481,832.9106168593166,0.2006594498057937,0.280436055543774,0.3966656166978632,0.17622802101630652,1.4144601197186168,23.489660687889902,1996-08-06,1,1.9527443509264415,NA,NA,NA,NA,NA,NA,NA
1996-09-01,09-1996,1996,9,relaxed,relaxed,126,29.01,23.572,NA,16,trailing,FALSE,relaxed,NA,no_prediction,NA,NA,NA,NA,NA,NA,NA,NA,NA,NA,NA,NA,NA,NA,NA,NA,NA,NA,NA,NA,NA,NA,NA,NA,NA,NA,NA,NA,NA,NA,NA,NA,NA,NA,NA,NA
1996-10-01,10-1996,1996,10,relaxed,relaxed,109,27.208545454545455,23.017,NA,12,,FALSE,relaxed,NA,no_prediction,NA,NA,NA,NA,NA,NA,NA,NA,NA,NA,NA,NA,NA,NA,NA,NA,NA,NA,NA,NA,NA,NA,NA,NA,NA,NA,NA,NA,NA,NA,NA,NA,NA,NA,NA,NA
1996-11-01,11-1996,1996,11,relaxed,relaxed,103,25.96918181818182,23.308,NA,14,,FALSE,relaxed,46.16001965589176,isotherm_chl_model,0.598314818352385,0.3492637565585304,0.1253373068192028,0.12371375497465176,0.7422082537875638,0.15667644038916717,0.10111530582326891,0.5837457904190285,0.20948387533564947,0.20677033424532199,1.1763160056272883,0.9675707226204171,0.22536776597792918,-0.9248774113406902,FALSE,1996-11-10,1,2.5559098020799538,7.914121898604568,1621.3589889562702,0.4414528333601354,1.011288895726811,0.8562639302429521,0.6355011677230049,0.8467055594707754,24.528060624205608,1996-11-10,1,3.5740909868260387,NA,NA,NA,0.6782323124152211,4.9954208642078095,7.47551923557252,2.640042157654575
1996-12-01,12-1996,1996,12,relaxed,relaxed,115,26.384818181818183,24.435,NA,27,,FALSE,relaxed,NA,no_prediction,NA,NA,NA,NA,NA,NA,NA,NA,NA,NA,NA,NA,NA,NA,NA,NA,NA,NA,NA,NA,NA,NA,NA,NA,NA,NA,NA,NA,NA,NA,NA,NA,0.3569643749553795,2.7474814753142955,7.628767379901758,NA
1997-01-01,01-1997,1997,1,relaxed,relaxed,64,24.01909090909091,22.208,NA,26,leading,TRUE,transition,19.19578776450539,isotherm_chl_model,2.517203790848209,2.149985645562793,0.08604913102732155,0.28116901425809465,0.9312357647122814,0.021924093936718368,0.046840141351000245,0.8541166406071251,0.0341844118224238,0.11169894757045098,1.5417582424902558,0.4949278928207759,0.44173405101462254,-0.8527553163284591,FALSE,1997-01-07,1,2.3725671095158134,18.023661373900648,4532.804583828478,2.96778316395517,4.313673929617657,3.2874032861432454,2.7107435185255415,0.7620889617019858,23.887295011763094,1997-01-07,1,10.789881775780222,NA,NA,NA,0.40455962494943015,3.0805095329281498,7.607942719174091,3.3432160446733334
1997-02-01,02-1997,1997,2,upwelling,moderate,46,23.834636363636363,20.781,NA,28,leading,FALSE,upwelling,33.48763317953997,isotherm_chl_model,0.6245021346283542,0.44172944953313575,0.03859085733676787,0.1441818277584506,0.8311833922121973,0.04435804925232723,0.12445855853547548,0.698057534548068,0.0616494067195464,0.24029305873238566,1.2571050252692642,0.6718427581798453,0.3077940860564392,-0.8974019713145203,FALSE,1997-02-18,2,1.7336143408169395,15.36670125865131,1733.9000343449716,0.6507448074563711,0.9679415633824106,0.6393157824932479,0.6082613943615607,0.6604900612586564,23.323197774739832,1997-02-13,1,4.250540317250655,NA,NA,NA,0.9281073748839866,7.659645325118642,8.252973236072062,4.757950974978179
1997-03-01,03-1997,1997,3,upwelling,strong,19,21.948818181818183,19.639,NA,28,both,FALSE,upwelling,NA,no_prediction,NA,NA,NA,NA,NA,NA,NA,NA,NA,NA,NA,NA,NA,NA,NA,NA,NA,NA,NA,NA,NA,NA,NA,NA,NA,NA,NA,NA,NA,NA,NA,NA,1.356464624830442,10.24061277162601,7.549487531166606,NA
1997-04-01,04-1997,1997,4,upwelling,moderate,32,22.97327272727273,20.038,NA,24,both,FALSE,upwelling,22.606906243174226,isotherm_chl_model,1.417983469680318,1.0383588199362002,0.17192331190651172,0.2077013378376061,0.8515498153645127,0.08293702449989691,0.06551316013559041,0.7322785082750622,0.12124493379691621,0.14647655792802153,1.3851424998006223,0.7653590344563568,0.3494540811478762,-0.8835153062840413,FALSE,1997-04-15,1,3.05918212641346,17.739875320379305,2585.4902507926145,1.4373842483543366,2.929974520457932,0.4706054009205383,1.8412169232921822,0.16061757453337389,22.68235263216818,1997-04-15,1,6.736045847899313,NA,NA,NA,NA,NA,NA,NA
1997-05-01,05-1997,1997,5,upwelling,weak,56,24.053454545454546,21.071,NA,15,trailing,FALSE,upwelling,31.216015275715723,isotherm_chl_model,0.5111324178115697,0.3520392913679809,0.03874032547511397,0.1203528009684748,0.8359650086912565,0.05411420779809166,0.10992078351065182,0.688743814910525,0.07579312938314879,0.23546305570632609,1.2526213086577807,0.7928769688358919,0.23306746802925915,-0.922310843990247,FALSE,1997-05-10,1,4.533557240086723,12.183104895392429,2210.6193948944,0.8900360986715189,1.1255454651710042,1.0569679991709586,0.7073008123236951,0.9390717939682458,22.847015569520206,1997-05-10,1,5.6665410345295655,NA,NA,NA,1.6896313747887963,13.265617628285183,7.881249377613006,9.20001851332806
1997-06-01,06-1997,1997,6,relaxed,relaxed,113,25.245545454545454,22.343,NA,17,both,TRUE,transition,47.61241587805059,isotherm_chl_model,0.3979128527035205,0.02729826287923982,0.05408184224937097,0.3165327475749097,0.15094048832135606,0.17590301957717402,0.6731564921014699,0.06860362185782269,0.13591378585015604,0.7954825922920212,0.07246157901938313,0.6370765012777159,-0.5321418179441071,-1.1773806059813692,FALSE,1997-06-17,1,1.7009753778257095,5.23454514903314,924.2686683762806,0.24397713259708861,0.3146561084903782,0.3604126290407074,0.19773214678986265,1.1454175505120645,23.761859254055324,1997-06-17,1,2.130113879492521,NA,NA,NA,0.6782323124152211,5.328448921821663,7.850897094330198,2.5707931250642457
1997-07-01,07-1997,1997,7,upwelling,weak,84,23.96872727272727,21.789,NA,22,leading,FALSE,upwelling,42.95816961218595,isotherm_chl_model,0.38820442364157104,0.25120126802742054,0.06505403572785225,0.07194911988629829,0.7920804931643773,0.12066263721348064,0.08725686962214206,0.6470850220381686,0.16757675020189,0.18533822775994135,1.261087343731809,0.8934073574641967,0.27149817075227123,-0.909500609749243,FALSE,1997-07-12,2,5.39361214909428,8.257255172825984,731.3542359553727,0.21397011629756693,0.3184781178397415,0.36672659593837686,0.20013392477321823,1.1514969958561299,22.87670691250732,1997-07-08,1,1.7876692560890455,NA,NA,NA,0.713928749910759,5.744733993838981,8.117132372248516,2.9557942680147535
1997-08-01,08-1997,1997,8,upwelling,moderate,49,23.947454545454544,20.979,NA,13,trailing,FALSE,upwelling,46.33674023783627,isotherm_chl_model,0.5562064122873399,0.030600223757999586,0.09031667195562151,0.43528951657371884,0.1218420190030043,0.2115395077563993,0.6666184732405964,0.055015949262719584,0.16237977477498647,0.782604275962294,0.07175222275400733,0.6465686064059316,-0.5765268028183945,-1.1921756009394648,FALSE,1997-08-17,1,NA,6.8839952644449385,906.0169174752592,0.24574344310810084,0.38408317420773913,0.3055508184119455,0.24136061094228967,0.7955329442436917,22.12729558787082,1997-08-17,1,2.3763550593375085,NA,NA,NA,0.3569643749553795,2.9139955041212224,8.163267005245192,1.3849478357761642
1997-09-01,09-1997,1997,9,relaxed,relaxed,114,28.10309090909091,23.329,NA,18,trailing,FALSE,relaxed,54.25314038419101,isotherm_chl_model,NA,NA,NA,NA,NA,NA,NA,NA,NA,NA,NA,NA,NA,NA,FALSE,1997-09-17,1,1.6269731851877913,3.9626147665921043,463.1876606224213,0.1073008616071913,0.15479167066641636,0.15311010165144795,0.09727219183159717,0.9891365665366305,25.733953021163025,1997-09-17,1,0.8436077556401187,NA,NA,NA,0.42835724994645535,3.33028057613854,7.830072433602531,1.4515840034155156
1997-10-01,10-1997,1997,10,relaxed,relaxed,124,28.354636363636363,24.367,NA,11,,FALSE,relaxed,53.57580469447601,isotherm_chl_model,NA,NA,NA,NA,NA,NA,NA,NA,NA,NA,NA,NA,NA,NA,FALSE,1997-10-14,1,NA,7.299220848851963,711.5161585455168,0.16691185148037527,0.32781406448789124,0.3695135400580342,0.20600070035215387,1.1272046568083818,26.034450402193663,1997-10-14,1,1.3016187932643164,NA,NA,NA,0.2141786249732277,1.7850303888102577,8.334306885355092,0.7336578683752598
1997-11-01,11-1997,1997,11,relaxed,relaxed,69,26.611454545454546,23.252,48.5,18,leading,FALSE,relaxed,48.5,observed,NA,NA,NA,NA,NA,NA,NA,NA,NA,NA,NA,NA,NA,NA,FALSE,1997-11-13,1,1.3768230541271416,5.481855116605006,600.4614235765195,0.15560175210964722,0.37795255863235455,0.37613013822440694,0.2375080883115357,0.9951781768205455,25.264015607639266,1997-11-13,1,1.1731976839286877,NA,NA,NA,0.9757026248780372,7.576388310715177,7.725065659509086,3.640186730188506
1997-12-01,12-1997,1997,12,upwelling,moderate,46,24.969545454545454,20.767,34,14,leading,FALSE,upwelling,34,observed,NA,NA,NA,NA,NA,NA,NA,NA,NA,NA,NA,NA,NA,NA,FALSE,1997-12-17,1,1.6818726964051283,11.819867813784562,1385.3948200181908,0.512112943253242,0.9550015862955294,0.8745669292252033,0.6001298203041675,0.9157753680992994,23.158664417850726,1997-12-17,1,3.4172146589463313,NA,NA,NA,0.9281073748839866,7.160103238697862,7.602042398634586,4.696365763375524
1998-01-01,01-1998,1998,1,upwelling,weak,91,24.85309090909091,21.933,33,21,both,FALSE,upwelling,33,observed,0.5036659501168342,0.13615382510909457,0.1737452136316987,0.19376691137604093,0.4351594282266179,0.3266498616135997,0.23819071015978238,0.2703256495252683,0.34496120611567144,0.3847131443590604,0.6849530546197896,1.0882708288628244,-0.07662488489115837,-1.0255416282970526,FALSE,1998-01-14,1,NA,10.550400146455098,1278.5160879124985,0.4869264512896385,0.6812064505287437,0.5447812439233227,0.42807500072502086,0.7997300135670625,23.97698078868516,1998-01-14,1,2.935602937781862,NA,NA,NA,0.3807619999524048,2.9417478422557104,7.24975855465823,1.9767021717266997
1998-02-01,02-1998,1998,2,upwelling,weak,91,25.86090909090909,21.96,NA,23,both,FALSE,upwelling,45.03511676985429,isotherm_chl_model,0.2857107812149791,0.12113904397365333,0.0677068164058207,0.09686492083550506,0.6111271569323927,0.20092358265613172,0.18794926041147547,0.4239918544848469,0.23697676411754184,0.33903138139761135,0.8843010225408172,1.071717506815407,0.048558807015793626,-0.9838137309947355,FALSE,1998-02-11,1,1.0617019607298797,11.241703490279102,517.7460662750747,0.14448961196215473,0.40328427376466364,0.3440968816426337,0.25342671909551073,0.8532365480817913,24.2887695453869,1998-02-11,1,1.094137619666827,NA,NA,NA,0.39266081245091744,2.872366996919491,7.337222129714428,1.5611446743904698
1998-03-01,03-1998,1998,3,upwelling,moderate,41,22.452545454545454,20.087,14.5,38,trailing,FALSE,upwelling,14.5,observed,NA,NA,NA,NA,NA,NA,NA,NA,NA,NA,NA,NA,NA,NA,FALSE,1998-03-12,1,1.3268395865138125,30.99242991792831,3563.918475859891,3.0890921853648443,5.979745781165746,3.0383027649012733,3.7577149741038096,0.5080989854904766,22.195149287861444,1998-03-12,1,9.690340985624044,NA,NA,NA,1.7491254372813592,13.32112230455416,7.617478590753089,18.38822504904243
1998-04-01,04-1998,1998,4,relaxed,relaxed,88,26.16918181818182,22.227,45,13,trailing,TRUE,transition,45,observed,0.4220398779953288,0.06505615624178995,0.16519031504347206,0.1917934067100668,0.27566912592894766,0.4117516889898107,0.3125791850812419,0.15414694116301017,0.39140925693590595,0.4544438019010838,0.49904368871550797,1.0137851995022087,-0.23477263667570447,-1.0782575455585681,FALSE,1998-04-21,1,1.3778413255387776,7.210354402891271,316.08745631039176,0.08828071821641065,0.36484663317855476,0.1934850038430218,0.2292722311146716,0.5303187318939322,23.93172653712987,1998-04-21,1,0.6515195204943713,NA,NA,NA,0.6196901549225388,4.7722920656065275,7.674137374073767,2.4654196906084462
1998-05-01,05-1998,1998,5,NA,NA,NA,NA,NA,NA,NA,,FALSE,NA,NA,no_prediction,NA,NA,NA,NA,NA,NA,NA,NA,NA,NA,NA,NA,NA,NA,NA,NA,NA,NA,NA,NA,NA,NA,NA,NA,NA,NA,NA,NA,NA,NA,NA,NA,NA,NA,NA,NA
1998-06-01,06-1998,1998,6,relaxed,relaxed,116,25.907,23.526,45,18,leading,FALSE,relaxed,45,observed,NA,NA,NA,NA,NA,NA,NA,NA,NA,NA,NA,NA,NA,NA,FALSE,1998-06-09,1,0.389234628900708,8.08657134599542,1227.104738176015,0.3427206156088696,0.688634105733339,0.6085031875887769,0.432742592326105,0.8836378891527173,24.779023698388976,1998-06-09,1,2.6171321232158156,NA,NA,NA,0.69608053116299,6.244276080259762,9.225787472594567,2.7693366340359846
1998-07-01,07-1998,1998,7,upwelling,weak,73,24.797363636363634,21.535,41.5,14,,FALSE,upwelling,41.5,observed,NA,NA,NA,NA,NA,NA,NA,NA,NA,NA,NA,NA,NA,NA,FALSE,1998-07-09,1,2.911932675681565,8.323322510652696,425.6018654089743,0.1288921701897579,0.39955636343546624,0.3970253708439479,0.2510840736087639,0.9936654929738664,23.087436113937567,1998-07-09,1,0.9766173305667972,NA,NA,NA,0.6187382499226578,5.050925540476785,8.232682541004081,2.6387260113341555
1998-08-01,08-1998,1998,8,relaxed,relaxed,110,28.214727272727274,23.057,48,17,trailing,FALSE,relaxed,48,observed,NA,NA,NA,NA,NA,NA,NA,NA,NA,NA,NA,NA,NA,NA,FALSE,1998-08-05,1,0.13259521765061894,7.4976942189535425,530.0762595736128,0.1387932120438452,0.23117935393126937,0.2442973144209112,0.14527475778440568,1.0567436506183068,26.08833646148505,1998-08-05,1,0.942328457028281,NA,NA,NA,0.5711429999286072,4.412621763383565,7.774540004995422,2.1498713749716085
1998-09-01,09-1998,1998,9,relaxed,relaxed,118,28.39390909090909,23.439,57.5,13,,FALSE,relaxed,57.5,observed,NA,NA,NA,NA,NA,NA,NA,NA,NA,NA,NA,NA,NA,NA,FALSE,1998-09-01,1,0.6431761937770549,6.314083433567403,532.9593687830504,0.11649233924599073,0.18529324159715246,0.2758262667961117,0.1164395969378678,1.488593239659479,25.37199731259481,1998-09-01,1,1.0200799000274847,NA,NA,NA,0.713928749910759,5.744733993838982,8.09038069269836,2.3016138440691805
1998-10-01,10-1998,1998,10,relaxed,relaxed,111,27.06009090909091,23.903,52.5,13,,FALSE,relaxed,52.5,observed,NA,NA,NA,NA,NA,NA,NA,NA,NA,NA,NA,NA,NA,NA,FALSE,1998-10-14,1,0.9165248438506092,6.03541618624824,1034.5746659601793,0.24767013794827863,0.42349454901730954,0.39805111305311863,0.2661270004664726,0.9399202751883567,25.163177158587622,1998-10-14,1,2.1115376056793833,NA,NA,NA,0.39540669225826647,3.1189358472682094,7.83733436657423,1.3782243978473574
1998-11-01,11-1998,1998,11,relaxed,relaxed,123,27.363454545454545,24.336,57,22,,FALSE,relaxed,57,observed,NA,NA,NA,NA,NA,NA,NA,NA,NA,NA,NA,NA,NA,NA,FALSE,1998-11-10,1,NA,4.3061950386997605,541.6959982771991,0.11944057394016498,0.23104547511337378,0.21414029973341353,0.14519062737867738,0.9268318266277887,25.844209666396118,1998-11-10,1,0.9898587017185025,NA,NA,NA,0.6782323124152211,5.120306385813005,7.528346238170566,2.202979475667066
1998-12-01,12-1998,1998,12,relaxed,relaxed,110,26.98781818181818,23.443,56.5,26,leading,FALSE,relaxed,56.5,observed,NA,NA,NA,NA,NA,NA,NA,NA,NA,NA,NA,NA,NA,NA,FALSE,1998-12-16,1,NA,3.8694563627127567,585.8574416611254,0.1303210627557406,0.26181070726254585,0.33299404207107186,0.16452371907846974,1.2718885547226408,25.423415027029783,1998-12-16,1,1.1246111479214946,NA,NA,NA,0.42835724994645535,2.872366996919491,6.70554075430855,1.40191329390983
1999-01-01,01-1999,1999,1,upwelling,weak,76,24.559363636363635,21.992,28.5,22,leading,FALSE,upwelling,28.5,observed,NA,NA,NA,NA,NA,NA,NA,NA,NA,NA,NA,NA,NA,NA,FALSE,1999-01-12,1,1.4107941057211357,14.615221014889554,1688.45550082183,0.7445877197984707,1.227834738608232,0.8206553745717219,0.7715801226074069,0.668376084147893,23.906690840365332,1999-01-12,1,3.9376772737660346,NA,NA,NA,0.2617738749672783,1.9704160075486363,7.48947353814559,1.5411397154661826
1999-02-01,02-1999,1999,2,upwelling,weak,61,22.418545454545455,21.947,NA,56,both,FALSE,upwelling,21.67363542722608,isotherm_chl_model,NA,NA,NA,NA,NA,NA,NA,NA,NA,NA,NA,NA,NA,NA,FALSE,1999-02-10,1,2.16822045514552,15.332904664717697,3731.271650053809,2.16369586234172,3.4182856859567443,1.9086861172535454,2.1480751486696583,0.5583752478895933,22.231480701167726,1999-02-10,1,10.124159253787598,NA,NA,NA,0.1427857499821518,0.9574556656398302,6.705540754308551,1.0632319391526668
1999-03-01,03-1999,1999,3,upwelling,weak,55,24.444454545454544,21.16,49.2,14,both,FALSE,upwelling,49.2,observed,NA,NA,NA,NA,NA,NA,NA,NA,NA,NA,NA,NA,NA,NA,FALSE,1999-03-04,1,2.078046673036301,14.097834300033707,1205.2458440285545,0.3078801218927354,0.5548379167402335,0.5855916164723508,0.348664111190507,1.055428258963988,22.62271357638182,1999-03-04,1,3.08540314452796,NA,NA,NA,0.2855714999643036,2.289567896095246,7.813412705020398,1.0524013706559807
1999-04-01,04-1999,1999,4,upwelling,weak,79,25.689363636363638,21.73,48.5,21,trailing,FALSE,upwelling,48.5,observed,NA,NA,NA,NA,NA,NA,NA,NA,NA,NA,NA,NA,NA,NA,FALSE,1999-04-07,1,0.6014615560885546,7.385580947479712,411.3084977618715,0.10658523661375269,0.4649486992447925,0.34136013724088093,0.29217708465888015,0.7341888208211913,24.132167411862625,1999-04-07,1,0.8611193366299142,NA,NA,NA,0.47181378254971895,3.5547125280087455,7.504121222212972,1.7602599670900942
1999-05-01,05-1999,1999,5,relaxed,relaxed,104,25.758181818181818,22.17,45.2,20,trailing,TRUE,transition,45.2,observed,NA,NA,NA,NA,NA,NA,NA,NA,NA,NA,NA,NA,NA,NA,FALSE,1999-05-06,1,0.9609522637878274,11.420735854977039,1163.5366430032527,0.32352864598231723,0.47240892844596477,0.46234118187863865,0.2968651459921542,0.9786884921916168,24.1938448686075,1999-05-06,1,2.611276447832826,NA,NA,NA,1.0708931248661384,8.741986512363667,8.08228221352649,4.244337921911493
1999-06-01,06-1999,1999,6,relaxed,relaxed,81,25.862,22.488,48.8,16,,FALSE,relaxed,48.8,observed,NA,NA,NA,NA,NA,NA,NA,NA,NA,NA,NA,NA,NA,NA,FALSE,1999-06-08,1,1.7752442567770645,11.372316001045515,1740.977170491211,0.4483780709835347,0.5223480566346267,0.3589116057685248,0.32824725096044277,0.6871119767936213,23.854499033054825,1999-06-08,1,4.082105936833586,NA,NA,NA,0.8924109373884487,7.076846224294398,7.968903505120307,3.311869972725738
1999-07-01,07-1999,1999,7,relaxed,relaxed,93,26.383909090909093,22.276,40,14,,FALSE,relaxed,40,observed,NA,NA,NA,NA,NA,NA,NA,NA,NA,NA,NA,NA,NA,NA,FALSE,1999-07-15,1,0.7358969040306288,10.126795909730975,1139.278330726673,0.35796532158002703,0.5774041640412525,0.5341335651345673,0.3628449022300614,0.9250601197541871,24.1845972355021,1999-07-15,1,2.55661047814586,NA,NA,NA,0.5949406249256325,4.773402159131908,8.009010259114332,2.6186578224511696
1999-08-01,08-1999,1999,8,relaxed,relaxed,106,27.278,23.121,47.8,14,,FALSE,relaxed,47.8,observed,NA,NA,NA,NA,NA,NA,NA,NA,NA,NA,NA,NA,NA,NA,FALSE,1999-08-11,1,0.4841441466489121,8.398427323356591,807.9888016562837,0.21244599833979136,0.44906049654019675,0.31090923230777506,0.2821928245582748,0.6923548936127466,24.742818323191187,1999-08-11,1,1.6935600999484584,NA,NA,NA,0.4640536874419933,3.829822662559321,8.246565648155856,1.7530394652217054
1999-09-01,09-1999,1999,9,relaxed,relaxed,121,28.979454545454544,24.209,50,13,,FALSE,relaxed,50,observed,NA,NA,NA,NA,NA,NA,NA,NA,NA,NA,NA,NA,NA,NA,FALSE,1999-09-14,1,0.21163269745349847,6.208693738327294,456.1857271145093,0.11466814814434746,0.17554649969322128,0.12362729348814945,0.11031467468507142,0.7042424298074643,26.48114136657266,1999-09-14,1,0.7660869530964745,NA,NA,NA,0.6068394374241451,5.037049371409542,8.404833069686122,2.205617169661386
1999-10-01,10-1999,1999,10,relaxed,relaxed,123,28.313454545454544,24.725,59,18,,FALSE,relaxed,59,observed,NA,NA,NA,NA,NA,NA,NA,NA,NA,NA,NA,NA,NA,NA,FALSE,1999-10-05,1,NA,6.7262597869713865,395.33450912375446,0.0842139085404002,0.09293331365919294,0.09524383807843691,0.058399958310962834,1.024862176202144,26.28041247429281,1999-10-05,1,0.6682087832410067,NA,NA,NA,0.6754864326078719,5.494962950628591,8.157286589856735,2.1300912335875584
1999-11-01,11-1999,1999,11,relaxed,relaxed,115,28.412636363636363,25.754,48,21,,FALSE,relaxed,48,observed,NA,NA,NA,NA,NA,NA,NA,NA,NA,NA,NA,NA,NA,NA,FALSE,1999-11-04,1,NA,4.745212747498452,669.3593421634399,0.17526258049200089,0.4035826673764891,0.30435251722259105,0.253614231773201,0.754126829085726,27.26880214139169,1999-11-04,1,1.060244019560842,NA,NA,NA,1.249375312343828,10.532012322038131,8.18535376662302,4.702843632750393
1999-12-01,12-1999,1999,12,relaxed,relaxed,127,28.527454545454546,27.855,55,40,,FALSE,relaxed,55,observed,NA,NA,NA,NA,NA,NA,NA,NA,NA,NA,NA,NA,NA,NA,FALSE,1999-12-07,1,0.14079165513658187,4.7251095021197385,489.99186780198914,0.1119688693503245,0.16712888849126428,0.18396060249918966,0.1050249876620202,1.1007109791722522,28.278573419280224,1999-12-07,1,0.6634698673679376,NA,NA,NA,0.6663334999167083,5.439458274359615,8.139707793108842,2.2316858558177732
2000-01-01,01-2000,2000,1,relaxed,relaxed,82,25.179454545454544,22.094,34.4,37,leading,TRUE,transition,34.4,observed,0.6921346728525946,0.24713567382516385,0.1480215897131314,0.2969774093142993,0.5511140465616001,0.19417002344035209,0.2547159299980478,0.3570629871880394,0.21386241076909013,0.4290746020428704,0.7273289345987507,1.060635544564411,-0.03989398719446979,-1.0132979957314898,FALSE,2000-01-11,1,1.4082623852457912,11.796293149236737,3023.635306709969,1.1046942038245768,0.7910967365305321,0.6224038480601349,0.49713084161345555,0.7867607326883638,24.636338702530946,2000-01-11,1,6.6953988592266995,NA,NA,NA,0.49975012493753124,4.28773624177837,8.576289443010575,2.5035620987469085
2000-02-01,02-2000,2000,2,upwelling,moderate,44,23.540727272727274,20.679,38.5,35,leading,FALSE,upwelling,38.5,observed,0.7506515586188465,0.2778309106983864,0.17312739021025073,0.29969325771020944,0.5613457960887878,0.20576275827382187,0.2328914456373903,0.3701196747124304,0.23063615631304973,0.3992441689745198,0.7702160551914922,1.0727748636740015,-0.016448205054630183,-1.0054827350182098,FALSE,2000-02-08,1,2.232348706966597,13.80389972442188,1410.0236827412132,0.46029556199408717,0.8966353749053777,0.6535622755292348,0.563452076040644,0.7289052984310435,22.91742931800254,2000-02-08,1,3.5481940110567303,NA,NA,NA,1.5349468123081316,11.989010074098744,7.751401493075792,6.981369524928885
2000-03-01,03-2000,2000,3,upwelling,moderate,47,24.70909090909091,20.883,55.5,15,both,FALSE,upwelling,55.5,observed,NA,NA,NA,NA,NA,NA,NA,NA,NA,NA,NA,NA,NA,NA,FALSE,2000-03-09,1,4.938613694258178,5.997622494226847,821.3214058613007,0.18599071703634149,0.19943438420454906,0.19896669684216092,0.12532599199066757,0.9976549311481391,22.30002800099115,2000-03-09,1,2.114607379667274,NA,NA,NA,0.678232312415221,5.411705936225126,7.904851897124606,2.2539677491373498
2000-04-01,04-2000,2000,4,upwelling,weak,54,24.420181818181817,21.342,37.1,27,both,FALSE,upwelling,NA,no_prediction,NA,NA,NA,NA,NA,NA,NA,NA,NA,NA,NA,NA,NA,NA,NA,NA,NA,NA,NA,NA,NA,NA,NA,NA,NA,NA,NA,NA,NA,NA,NA,NA,0.3185220576524924,2.715459546697579,8.486209436221925,NA
2000-05-01,05-2000,2000,5,upwelling,moderate,29,23.589,20.178,34.6,12,both,FALSE,upwelling,34.6,observed,0.533811478402739,0.1916630412549268,0.10317521142381636,0.23897322572399585,0.5567276961486908,0.17629130723543535,0.2669809966158739,0.35904630943571586,0.19328024143005573,0.44767344913422835,0.7107134097550691,1.045241889895995,-0.047905435353780335,-1.0159684784512601,FALSE,2000-05-11,1,1.7568748795749736,15.983039518811474,814.9030213620993,0.29600628965159603,0.7360859337801186,0.5098720448879834,0.462561660113502,0.6926800547180283,22.15511074922777,2000-05-11,1,2.1201327577917444,NA,NA,NA,1.63837495171828,13.043598923209283,7.887503406777405,8.166925754082635
2000-06-01,06-2000,2000,6,upwelling,weak,93,24.99718181818182,21.991,41,26,both,FALSE,upwelling,41,observed,0.23662241906706408,0.016012122728320165,0.07351421757084806,0.14709607876789585,0.1382367049193122,0.37333343044633116,0.48842986463435667,0.0676695082040471,0.31068154007001547,0.6216489517259374,0.24536110593169141,0.8409440342886649,-0.4815760927170799,-1.1605253642390265,FALSE,2000-06-06,1,0.5279015743887863,6.362257886574173,654.6860629853245,0.2006875120511476,0.19755812964985234,0.18465263117363429,0.12414694022267755,0.934674930871782,24.168205940407347,2000-06-06,1,1.4254816924104476,NA,NA,NA,0.6068394374241451,4.9121638498043465,8.182703355257681,2.61503706313246
2000-07-01,07-2000,2000,7,upwelling,moderate,49,23.34481818181818,20.905,15.9,23,trailing,FALSE,upwelling,15.9,observed,NA,NA,NA,NA,NA,NA,NA,NA,NA,NA,NA,NA,NA,NA,FALSE,2000-07-07,1,1.4982312359249947,13.781462727157018,1720.2709175823215,1.359786837642672,1.057519104601199,0.45928170889577935,0.6645525612940152,0.43430109857824184,22.851824306496248,2000-07-07,1,4.379413837161632,NA,NA,NA,0.5354465624330692,3.9963366913662477,7.46564087086837,5.201037709829849
2000-08-01,08-2000,2000,8,relaxed,relaxed,114,28.31327272727273,24.101,55.9,22,trailing,FALSE,relaxed,55.9,observed,NA,NA,NA,NA,NA,NA,NA,NA,NA,NA,NA,NA,NA,NA,FALSE,2000-08-09,1,0.06147500498102083,5.974455912596186,790.4893692389012,0.17772778807433343,0.2448669291130874,0.2432097505344487,0.15387612782623752,0.9932323299653365,25.933891114687295,2000-08-09,1,1.4714147021341113,NA,NA,NA,0.642535874919683,5.2451919074182,8.223847836452949,2.1222212075374127
2000-09-01,09-2000,2000,9,relaxed,relaxed,112,27.42809090909091,23.26,37,12,,FALSE,relaxed,37,observed,0.28577100793789667,0.03335351676943925,0.06988202959302468,0.1825354615754327,0.230554465633016,0.28415054579497123,0.48529498857201286,0.11671413769407846,0.2445385558783183,0.6387473064276031,0.2773073807200569,0.8814251119994092,-0.3691028080049843,-1.1230342693349948,FALSE,2000-09-12,1,0.04176338964937712,6.159467290661706,908.0099023375196,0.308432383972907,0.2746681738744985,0.21250332680198472,0.17260344296388136,0.7736729152285472,25.502625007364667,2000-09-12,1,1.7805352308815632,NA,NA,NA,0.39266081245091744,2.955624011322954,7.463558404795604,1.84787709435508
2000-10-01,10-2000,2000,10,relaxed,relaxed,125,27.178272727272727,23.856,56.3,14,,FALSE,relaxed,56.3,observed,NA,NA,NA,NA,NA,NA,NA,NA,NA,NA,NA,NA,NA,NA,FALSE,2000-10-10,1,0.552450648913449,9.873192904895163,567.1387945410758,0.12660535370877293,0.17554232796142866,0.27087048238757117,0.11031205313900595,1.543049391751764,25.223624507565116,2000-10-10,1,1.1073071778225652,NA,NA,NA,0.2855714999643036,2.1230538672883195,7.4344038797768714,0.9374567930615986
2000-11-01,11-2000,2000,11,relaxed,relaxed,112,28.010636363636362,24.077,NA,12,,FALSE,relaxed,52.56653773521113,isotherm_chl_model,0.282838445261497,0.08068762160138358,0.04763231062880474,0.15451851303130865,0.47989262030011237,0.16664407825798644,0.35346330144190125,0.28527812591666674,0.16840818999965335,0.5463136840836799,0.5383049912865685,0.9880985462170266,-0.1410868030262793,-1.0470289343420929,TRUE,2000-11-03,1,0.370082924602115,6.470202162390559,378.4351574432999,0.0904801294125185,0.27633194093038727,0.2838232983553489,0.17364896606939956,1.027109994594685,26.00880488636016,2000-11-03,1,0.6551115941319721,NA,NA,NA,1.9276076247590492,13.903921405378403,7.213045449079085,6.711546348327611
2000-12-01,12-2000,2000,12,relaxed,relaxed,82,25.14,22.992,NA,27,leading,FALSE,relaxed,32.08337398462084,isotherm_chl_model,1.1998035695889895,0.489886249919466,0.21656048489593324,0.49335683477359027,0.6070255488248754,0.15784906516485236,0.23512538601027236,0.4083053779272251,0.18049661660043176,0.41119800547234325,0.7964479219084636,1.0401770498350114,-0.0015329496177225455,-1.0005109832059074,TRUE,2000-12-05,1,0.2901656326313594,26.0257990887265,1617.6509662000208,0.6336886050364393,1.2119303388162923,0.7821012249478989,0.7615856841413867,0.6453351318127634,NA,2000-12-05,1,NA,NA,NA,NA,1.0232978748720878,8.048178059001472,7.991284756649838,5.442349195321677
2001-01-01,01-2001,2001,1,upwelling,weak,92,23.75018181818182,21.795,26.1,31,leading,FALSE,upwelling,26.1,observed,2.021354491826984,1.6712079198230019,0.1320123324085711,0.21813423959541103,0.9118531089166811,0.04237014799621769,0.04577674308710101,0.8267762663997124,0.06530884757836458,0.10791488602192299,1.518201929831371,0.575736918770647,0.4421533224101062,-0.8526155591966312,TRUE,2001-01-11,1,0.08988888983164278,22.562681179726706,2292.4382105247273,1.1038962076169216,3.3493837074692068,2.082341446358399,2.104776653084195,0.6217088360807176,NA,2001-01-11,1,NA,NA,NA,NA,0.49975012493753124,4.162850720173175,8.329864291066523,3.1728384260529
2001-02-01,02-2001,2001,2,upwelling,moderate,47,21.834454545454545,20.683,23.4,49,both,FALSE,upwelling,23.4,observed,1.785518890653364,1.5139998246544588,0.09429201697608708,0.17722704902281822,0.9245066684884912,0.033869612470171694,0.0416237190413371,0.847932683647189,0.05280930796625925,0.09925800838655176,1.548015224714219,0.5244749109143206,0.4657979093434505,-0.8447340302188499,TRUE,2001-02-18,1,1.8640616421744003,28.684679323686485,2438.0555936048445,1.3094799614549262,4.208985749549337,2.126621998627395,2.6449567181746887,0.5052575905858309,21.614337699005784,2001-02-16,1,6.873174302499393,NA,NA,NA,1.21367887484829,11.322953958871036,9.329448005994507,8.462315003853647
2001-03-01,03-2001,2001,3,upwelling,strong,26,21.653181818181817,19.904,16.4,36,both,FALSE,upwelling,16.4,observed,4.237144229570526,3.7302461488995253,0.19663541865799167,0.3102626620130089,0.9407351533371439,0.029170421742387837,0.03009442492046821,0.8803679900406932,0.04640753488769545,0.07322447507161137,1.6064840644226634,0.4460823854252988,0.5400039881581422,-0.8199986706139525,TRUE,2001-03-14,1,0.9566570764793918,43.39269783727258,3388.7230093324306,2.5969484773828455,6.517558097842622,2.474488942134414,4.095680076566774,0.3796650378848936,21.554650359620318,2001-03-14,1,9.650512539267096,NA,NA,NA,NA,NA,NA,NA
2001-04-01,04-2001,2001,4,upwelling,moderate,49,24.069181818181818,20.957,36,33,both,FALSE,upwelling,36,observed,0.6809664493568309,0.3513477274656197,0.12062309304305634,0.20899562884815487,0.6989415485571836,0.14115141890479568,0.15990703253802085,0.5159545346139529,0.17713514837182387,0.3069103170142231,1.0083847670533115,1.0105413943837152,0.11279997296224142,-0.962400009012586,TRUE,2001-04-04,1,0.5816020578434746,14.793295800407577,1597.998511736888,0.5578853791431277,0.8704261723210417,0.7585684499369896,0.5469820258721767,0.8714908559266124,23.64533906545119,2001-04-04,1,3.804357491539355,NA,NA,NA,NA,NA,NA,NA
2001-05-01,05-2001,2001,5,upwelling,weak,82,25.210818181818183,21.577,47,23,trailing,FALSE,upwelling,47,observed,0.7232421355150129,0.08178169150296845,0.16399379050914636,0.47746665350289813,0.22598516434075816,0.266564507201239,0.507450328458003,0.11307650299540772,0.22674811443662388,0.6601753825679685,0.25224166988102104,0.8570845029618754,-0.38314347837884755,-1.1277144927929492,TRUE,2001-05-05,1,1.2444588365320057,8.935077015842383,1008.8211616255792,0.269766138715684,0.43931431755941697,0.5330239090774122,0.2760682560504089,1.213308758154282,23.927673283224966,2001-05-05,1,2.30234833388029,NA,NA,NA,NA,NA,NA,NA
2001-06-01,06-2001,2001,6,relaxed,relaxed,68,24.782999999999998,22.008,60.5,31,both,TRUE,transition,NA,no_prediction,NA,NA,NA,NA,NA,NA,NA,NA,NA,NA,NA,NA,NA,NA,NA,NA,NA,NA,NA,NA,NA,NA,NA,NA,NA,NA,NA,NA,NA,NA,NA,NA,NA,NA,NA,NA
2001-07-01,07-2001,2001,7,upwelling,weak,57,24.946636363636365,21.366,38.8,13,,FALSE,upwelling,38.8,observed,0.34192374246670426,0.13522803145880838,0.11986459460135372,0.08683111640654219,0.5654925020834097,0.29485067373675944,0.13965682417983086,0.39549178563397525,0.350559436840002,0.2539487775260227,0.9408835575615342,1.0824012981326545,0.09619567054628309,-0.9679347764845723,TRUE,2001-07-10,1,1.7261780002111264,14.391497256762678,1192.7049696810395,0.38634243546996827,0.6419894736448876,0.6794802737286294,0.40343077224632784,1.0583978423678635,23.095729664560388,2001-07-10,1,2.9398453742711506,NA,NA,NA,NA,NA,NA,NA
2001-08-01,08-2001,2001,8,relaxed,relaxed,99,27.97418181818182,24.554,63.9,21,trailing,FALSE,relaxed,63.9,observed,NA,NA,NA,NA,NA,NA,NA,NA,NA,NA,NA,NA,NA,NA,NA,NA,NA,0.1706409595795438,6.19432626385924,NA,NA,0.2973472018205429,0.4483893221324283,0.18685510616658627,1.5079655008929373,25.946938223459185,2001-08-07,1,NA,NA,NA,NA,NA,NA,NA,NA
2001-09-01,09-2001,2001,9,relaxed,relaxed,123,26.52090909090909,22.763,61.6,19,,FALSE,relaxed,NA,no_prediction,NA,NA,NA,NA,NA,NA,NA,NA,NA,NA,NA,NA,NA,NA,NA,NA,NA,NA,NA,NA,NA,NA,NA,NA,NA,NA,NA,NA,NA,NA,NA,NA,NA,NA,NA,NA
2001-10-01,10-2001,2001,10,relaxed,relaxed,119,26.38090909090909,23.431,46.7,16,,FALSE,relaxed,46.7,observed,NA,NA,NA,NA,NA,NA,NA,NA,NA,NA,NA,NA,NA,NA,NA,NA,NA,1.8370157195559251,9.937243907215665,1080.1291663424006,0.2906898867840832,0.4165085035146445,0.3624594889613314,0.261736919557378,0.8702331066539372,24.669137895529193,2001-10-09,1,2.3145526301271886,0.1348968940976859,0.08017218355772705,1,NA,NA,NA,NA
2001-11-01,11-2001,2001,11,relaxed,relaxed,123,27.870363636363635,24.408,62.7,22,,FALSE,relaxed,62.7,observed,NA,NA,NA,NA,NA,NA,NA,NA,NA,NA,NA,NA,NA,NA,NA,NA,NA,NA,8.390418162502812,650.2664319322978,0.13034515852405557,0.17998388007393262,0.37104289443892396,0.11310315622134551,2.0615340345285884,25.956617788617255,2001-11-06,1,1.19175168579717,0.03734492953984887,0.011746739352426438,1,NA,NA,NA,NA
2001-12-01,12-2001,2001,12,relaxed,relaxed,116,27.07590909090909,24.284,57,20,,FALSE,relaxed,57,observed,NA,NA,NA,NA,NA,NA,NA,NA,NA,NA,NA,NA,NA,NA,NA,NA,NA,1.1818929494939159,9.510816613544227,615.8797716241622,0.13579763120805755,0.24929848163868654,0.41449656776473026,0.15666094709671913,1.6626517941070686,25.6807332252533,2001-12-11,1,1.156614886331345,0.02813373760859661,0.0035898839017799635,1,0.7972204374003475,6.577304137873617,8.289319307680081,2.589467102977078
2002-01-01,01-2002,2002,1,relaxed,relaxed,123,24.780363636363635,22.785,NA,37,,FALSE,relaxed,34.70877610722278,isotherm_chl_model,NA,NA,NA,NA,NA,NA,NA,NA,NA,NA,NA,NA,NA,NA,NA,NA,NA,0.021355353138250568,18.258559091903766,1156.0220168179978,0.41859873876804726,1.1488597977496917,1.1025829272183276,0.7219517054967978,0.9597193055044593,24.542271283910356,2002-01-10,1,2.5137420337012393,0.05147911331751842,0.024784377798375563,1,0.6068394374241451,4.870535342602615,8.06608525518275,3.016820553527896
2002-02-01,02-2002,2002,2,relaxed,relaxed,71,22.91481818181818,22.123,24.1,56,leading,TRUE,transition,24.1,observed,NA,NA,NA,NA,NA,NA,NA,NA,NA,NA,NA,NA,NA,NA,NA,NA,NA,1.419311188335625,23.83174147424088,3201.316825769655,1.6694857814837516,2.623566793504744,2.4582107462923575,1.6486681183948872,0.9369728083074674,22.695748005549085,2002-02-14,1,8.36329619023945,0.0649521625060877,NA,1,0.4997501249375313,3.6216801265506624,7.521867454833071,3.3974642017521948
2002-03-01,03-2002,2002,3,upwelling,moderate,35,22.922454545454546,20.546,21.8,22,leading,FALSE,upwelling,21.8,observed,NA,NA,NA,NA,NA,NA,NA,NA,NA,NA,NA,NA,NA,NA,NA,NA,NA,2.3508697863210988,27.58171210628693,2678.0136335909137,1.543929267639562,1.7811064873808353,1.5443976943581508,1.119260042656802,0.8671001454995703,22.733244649658992,2002-03-12,1,6.954100660815524,0.053037563037091735,0.027499096664729078,1,NA,NA,NA,NA
2002-04-01,04-2002,2002,4,upwelling,moderate,50,24.23109090909091,20.995,34,15,trailing,FALSE,upwelling,34,observed,NA,NA,NA,NA,NA,NA,NA,NA,NA,NA,NA,NA,NA,NA,NA,NA,NA,1.195659970164059,16.429039584467933,1503.8699886392922,0.5559074388210683,0.6045205312441093,0.5508160339512688,0.3798850211264885,0.9111618307118269,23.140046080580344,2002-04-02,1,3.725601894254939,0.043787409862850145,0.04177650699888458,1,NA,NA,NA,NA
2002-05-01,05-2002,2002,5,relaxed,relaxed,112,26.17890909090909,23.759,50.5,28,trailing,FALSE,relaxed,50.5,observed,NA,NA,NA,NA,NA,NA,NA,NA,NA,NA,NA,NA,NA,NA,NA,NA,NA,0.38641116102969225,9.053692306829765,488.1142820584589,0.12147901085814974,0.22566417094705196,0.35542769819874587,0.14180897739120038,1.5750293753195788,25.121330558632458,2002-05-07,1,0.949660933263271,0.02262265721961259,0.00658570687948722,1,NA,NA,NA,NA
2002-06-01,06-2002,2002,6,relaxed,relaxed,111,26.450636363636363,22.793,57.1,17,leading,FALSE,relaxed,57.1,observed,NA,NA,NA,NA,NA,NA,NA,NA,NA,NA,NA,NA,NA,NA,NA,NA,NA,0.6248261131638089,6.424863555014216,400.42436905115323,0.08813643941840714,0.20019512833607317,0.34195953401291035,0.12580404903842593,1.7081311461228632,24.465710765204975,2002-06-12,1,0.8112658914831343,0.05343974360988485,0.022823747506009146,1,0.9281073748839866,7.8261593539255685,8.432385697725802,3.0100731048759486
2002-07-01,07-2002,2002,7,upwelling,weak,55,23.22563636363636,21.059,NA,61,leading,FALSE,upwelling,33.18494981451262,isotherm_chl_model,NA,NA,NA,NA,NA,NA,NA,NA,NA,NA,NA,NA,NA,NA,NA,NA,NA,6.790857078718469,11.466350226681293,1805.0248963425338,0.6836174519384408,0.8723414170351991,0.7875231094585211,0.5481855793349562,0.9027693676806641,22.01204306831083,2002-07-09,1,4.907072494318649,0.00703816002387947,0.004423986300724239,1,1.285071749839366,10.462631476701912,8.13411248022646,6.639455389953105
2002-08-01,08-2002,2002,8,upwelling,weak,90,27.270545454545456,21.951,NA,21,trailing,FALSE,upwelling,50.65518236212381,isotherm_chl_model,NA,NA,NA,NA,NA,NA,NA,NA,NA,NA,NA,NA,NA,NA,NA,NA,NA,0.4673770716642178,8.30791918474932,1318.8605524736136,0.32722472046160256,0.39166559674394036,0.44829572073058943,0.24612545944036596,1.144587945577646,24.79280374141802,2002-08-06,1,2.817133429839613,0.008998790316245897,0.006434889164689803,1,0.44025606244496795,3.3719090833402716,7.614730016003849,1.582379521392481
2002-09-01,09-2002,2002,9,NA,NA,NA,NA,NA,NA,NA,trailing,FALSE,NA,NA,no_prediction,NA,NA,NA,NA,NA,NA,NA,NA,NA,NA,NA,NA,NA,NA,NA,NA,NA,NA,NA,NA,NA,NA,NA,NA,NA,NA,NA,NA,NA,NA,NA,NA,1.320768187334904,10.157355757222547,7.765901627212093,NA
2002-10-01,10-2002,2002,10,relaxed,relaxed,123,28.354909090909093,24.975,NA,15,,FALSE,relaxed,53.273934868180234,isotherm_chl_model,NA,NA,NA,NA,NA,NA,NA,NA,NA,NA,NA,NA,NA,NA,NA,NA,NA,0.8425830376363915,7.3478158502300985,986.0444166180968,0.23262308602237605,0.2712313832290871,0.4525852076211048,0.17044373916647265,1.668631418064343,26.450702805118073,2002-10-03,1,1.7576281595067442,0.06208662592493677,0.007540885739870864,1,0.5901810999262274,5.333999389448562,8.910918602392252,2.0314597442409856
2002-11-01,11-2002,2002,11,relaxed,relaxed,113,26.57190909090909,23.636,NA,21,leading,FALSE,relaxed,53.827030823877685,isotherm_chl_model,NA,NA,NA,NA,NA,NA,NA,NA,NA,NA,NA,NA,NA,NA,NA,NA,NA,0.7407595444908992,7.040209264698185,832.0713401915614,0.1942814111475006,0.16164998228932884,0.15260181129175338,0.10158200385799811,0.9440261553423457,25.232125940444547,2002-11-07,1,1.667587421672137,0.023929744081190203,0.016740766342513314,1,1.047095499869113,8.769738850498156,8.46893268065527,3.5724036935534897
2002-12-01,12-2002,2002,12,upwelling,weak,99,24.26190909090909,21.918,29.4,19,leading,FALSE,upwelling,29.4,observed,NA,NA,NA,NA,NA,NA,NA,NA,NA,NA,NA,NA,NA,NA,NA,NA,NA,2.939066027374089,8.205444083329928,2656.004907710101,1.135409837504429,0.9184864893831737,0.6661999212620173,0.5771834725044687,0.7253235937192892,23.712789018042667,2002-12-05,1,6.366648320547868,0.027750459522724768,0.009551788603836426,1,1.285071749839366,10.157355757222547,7.904115671745345,7.366445286096657
2003-01-01,01-2003,2003,1,upwelling,weak,57,23.626636363636365,21.153,23.6,29,both,FALSE,upwelling,23.6,observed,NA,NA,NA,NA,NA,NA,NA,NA,NA,NA,NA,NA,NA,NA,NA,NA,NA,0.6043362080621913,31.21692648456813,2182.5880493332984,1.1623338345501435,2.751057950428075,1.6507862078440454,1.728784472328453,0.6000550470364234,23.25807656808349,2003-01-14,1,5.4112996044389865,0.060276813347367765,0.023829198937991927,1,0.7377263749077843,5.911248022645909,7.950630013655574,5.106336284621175
2003-02-01,02-2003,2003,2,upwelling,weak,72,23.643727272727272,21.503,19.1,25,both,FALSE,upwelling,19.1,observed,NA,NA,NA,NA,NA,NA,NA,NA,NA,NA,NA,NA,NA,NA,NA,NA,NA,0.22280761531598162,29.764441148619873,2290.277631181224,1.5070437983699572,3.877099580805256,1.8570021107707244,2.436397078412804,0.47896683385806493,23.32994539553707,2003-02-11,1,5.651099444544318,0.059321634486984125,0.043938227577647565,1,0.2855714999643036,1.9149113312796604,6.70554075430855,2.3700681501691747
2003-03-01,03-2003,2003,3,upwelling,moderate,44,22.48102738261938,20.463918146443632,22.9,41,trailing,FALSE,upwelling,22.9,observed,NA,NA,NA,NA,NA,NA,NA,NA,NA,NA,NA,NA,NA,NA,NA,NA,NA,0.9761791963924472,29.168171125243624,2078.195261989445,1.140570088486419,2.927760064606234,1.2997654672461323,1.8398253434127119,0.4439453502214987,22.092550786513467,2003-03-11,1,5.636603672403135,0.1098455689441189,0.05721018647982028,1,NA,NA,NA,NA
2003-04-01,04-2003,2003,4,relaxed,relaxed,97,25.168729983947987,23.059816236509,53.5,27,both,FALSE,relaxed,53.5,observed,NA,NA,NA,NA,NA,NA,NA,NA,NA,NA,NA,NA,NA,NA,NA,NA,NA,0.9228532728159835,7.9903950728695445,811.5964782832723,0.19065907506591093,0.3061383850065188,0.38137720251649554,0.19237954849356279,1.2457673431195981,24.117116109783982,2003-04-08,1,1.800578529135601,0.060176268204169485,0.04232950528647511,1,NA,NA,NA,NA
2003-05-01,05-2003,2003,5,upwelling,weak,78,24.33459544375516,21.867904800778415,32.9,29,,FALSE,upwelling,32.9,observed,NA,NA,NA,NA,NA,NA,NA,NA,NA,NA,NA,NA,NA,NA,NA,NA,NA,1.4829213585315917,23.6497628464476,1407.2118502879325,0.5375695934556008,1.1522289405758606,0.8097978316042933,0.7240688989212516,0.7028098349964833,23.74115688192462,2003-05-13,1,3.309006589175839,0.05660691562063061,0.03031436067428087,1,2.1060898122367386,16.942802431104823,8.035673083986739,10.962141594750387
2003-06-01,06-2003,2003,6,relaxed,relaxed,107,25.420244168168903,22.345659360869575,55,12,both,TRUE,transition,55,observed,NA,NA,NA,NA,NA,NA,NA,NA,NA,NA,NA,NA,NA,NA,NA,NA,NA,0.9307817702569869,7.800623428998512,588.8271660404675,0.13455389029221618,0.28398241877473684,0.2650522584141295,0.1784565810093707,0.9333403791605025,23.661653758751992,2003-06-10,1,1.3285350994470901,0.06821987966003175,0.04423986300724239,1,0.8567144998929107,6.535675630671885,7.491977941788655,2.869310386051423
2003-07-01,07-2003,2003,7,upwelling,weak,86,25.317675221380576,21.939602769912508,NA,17,leading,FALSE,upwelling,49.369798362502806,isotherm_chl_model,NA,NA,NA,NA,NA,NA,NA,NA,NA,NA,NA,NA,NA,NA,NA,NA,NA,1.5066187311902264,6.437238040662428,501.46685781699546,0.12765916284027018,0.30006304795766403,0.30114376018302763,0.1885617632838446,1.0036016171691893,23.373361216555068,2003-07-08,1,1.1429185356421752,0.03770442869935431,0.026393100089548018,1,0.7377263749077843,5.800238670107957,7.589431909638387,2.710678865684603
2003-08-01,08-2003,2003,8,upwelling,weak,89,26.116572965781653,21.459894199165618,NA,12,trailing,FALSE,upwelling,NA,no_prediction,NA,NA,NA,NA,NA,NA,NA,NA,NA,NA,NA,NA,NA,NA,NA,NA,NA,NA,NA,NA,NA,NA,NA,NA,NA,NA,NA,NA,NA,NA,NA,NA,1.4992503748125938,12.655066189326451,8.441560198605824,NA
2003-09-01,09-2003,2003,9,relaxed,relaxed,127,27.11355111781665,23.43425589979041,46.1,18,trailing,FALSE,relaxed,NA,no_prediction,NA,NA,NA,NA,NA,NA,NA,NA,NA,NA,NA,NA,NA,NA,NA,NA,NA,NA,NA,NA,NA,NA,NA,NA,NA,NA,NA,NA,NA,0.0430835938604622,0.02423137951078504,1,0.8567144998929107,7.36824577470652,8.616781838869924,NA
2003-10-01,10-2003,2003,10,NA,NA,NA,NA,NA,NA,NA,,FALSE,NA,NA,no_prediction,NA,NA,NA,NA,NA,NA,NA,NA,NA,NA,NA,NA,NA,NA,NA,NA,NA,NA,NA,NA,NA,NA,NA,NA,NA,NA,NA,NA,NA,NA,NA,NA,0.42835724994645535,3.3302805761385392,7.774540004995421,NA
2003-11-01,11-2003,2003,11,relaxed,relaxed,134,28.677607138153274,26.43308762192755,NA,25,,FALSE,relaxed,52.690921034649655,isotherm_chl_model,NA,NA,NA,NA,NA,NA,NA,NA,NA,NA,NA,NA,NA,NA,NA,NA,NA,0.2663733124166021,7.606343215217941,832.0338722121951,0.19846152616211632,0.3004579033617723,0.29363844273560097,0.18880989324102387,0.9773031078568094,27.608667263146717,2003-11-11,1,1.2814424882088318,0.021768023502427226,0.015433679480935698,1,0.8924109373884487,7.076846224294398,7.9689035051203065,3.1009029700953
2003-12-01,12-2003,2003,12,relaxed,relaxed,121,27.663565683404606,25.11114989939638,NA,24,,FALSE,relaxed,54.7512614519318,isotherm_chl_model,NA,NA,NA,NA,NA,NA,NA,NA,NA,NA,NA,NA,NA,NA,NA,NA,NA,0.23320479813116834,5.9688175176371745,394.7027129938293,0.09060394168624498,0.1642855797895814,0.274295126384428,0.10323823215847258,1.6696238753014594,26.44713983721618,2003-12-09,1,0.6549510855619424,0.04564749501201829,0.01965657549526338,1,0.8924109373884487,6.868703688285738,7.678620355583139,3.000511679992156
2004-01-01,01-2004,2004,1,relaxed,relaxed,83,25.06242380708587,23.472252754744687,NA,38,,FALSE,relaxed,34.56458190339582,isotherm_chl_model,NA,NA,NA,NA,NA,NA,NA,NA,NA,NA,NA,NA,NA,NA,NA,NA,NA,1.46,21.88943174099521,904.9087163876729,0.32903687626274253,1.1405894203542308,0.8549693484982843,0.7167545412497327,0.7495855504540433,24.890160581765333,2004-01-13,1,1.882846938978169,0.05359056132468226,0.014227137762556363,1,0.8924109373884487,7.118474731496129,7.932460348846891,4.452375893138278
2004-02-01,02-2004,2004,2,relaxed,relaxed,112,24.217480948344996,22.631853757103674,NA,31,,FALSE,relaxed,NA,no_prediction,NA,NA,NA,NA,NA,NA,NA,NA,NA,NA,NA,NA,NA,NA,NA,NA,NA,NA,NA,NA,NA,NA,NA,NA,NA,NA,NA,NA,NA,0.02815264009551788,0.016640221199315037,1,0.606839437424145,4.662392806593956,7.61551532307506,NA
2004-03-01,03-2004,2004,3,relaxed,relaxed,101,24.607193306111924,22.54694711098755,NA,34,,FALSE,relaxed,NA,no_prediction,NA,NA,NA,NA,NA,NA,NA,NA,NA,NA,NA,NA,NA,NA,NA,NA,NA,NA,NA,NA,NA,NA,NA,NA,NA,NA,NA,NA,NA,0.031018176676668813,0.023929744081190203,1,0.2855714999643036,2.4144534177004413,8.45481225543252,NA
2004-04-01,04-2004,2004,4,relaxed,relaxed,88,25.454440957227703,22.19740380384077,NA,20,leading,TRUE,transition,49.26753348522082,isotherm_chl_model,NA,NA,NA,NA,NA,NA,NA,NA,NA,NA,NA,NA,NA,NA,NA,NA,NA,0.6932984791200848,6.930196822514438,986.5902134333469,0.2516790654778582,0.31141975125692384,0.30012013444226665,0.1956983967806223,0.963715799113413,23.685324178100604,2004-04-06,1,2.2962560033633705,0.09204907859802365,0.05323865332348828,1,NA,NA,NA,NA
2004-05-01,05-2004,2004,5,upwelling,weak,108,23.921915326750398,21.84438097159291,NA,22,,FALSE,upwelling,NA,no_prediction,NA,NA,NA,NA,NA,NA,NA,NA,NA,NA,NA,NA,NA,NA,NA,NA,NA,NA,NA,NA,NA,NA,NA,NA,NA,NA,NA,NA,NA,0.05766263962421253,0.02568928408716007,1,2.2131791247233528,17.35908750312214,7.8531384110020355,NA
2004-06-01,06-2004,2004,6,relaxed,relaxed,112,25.554310895293785,22.970380791059668,NA,16,both,FALSE,relaxed,51.339690504314284,isotherm_chl_model,NA,NA,NA,NA,NA,NA,NA,NA,NA,NA,NA,NA,NA,NA,NA,NA,NA,0.662358883161463,8.01919039640143,506.0766670730475,0.12388940812735068,0.2467064605765019,0.29279274785915727,0.15503210254127966,1.1868061629799287,24.518481784249108,2004-06-08,1,1.0453696042658687,0.07043187281039386,0.0538921967542771,1,0.9281073748839866,7.493131296311715,8.073560774418322,3.297630102460531
2004-07-01,07-2004,2004,7,upwelling,weak,61,25.71817394830695,21.511244098034815,NA,16,leading,FALSE,upwelling,46.74191042938661,isotherm_chl_model,NA,NA,NA,NA,NA,NA,NA,NA,NA,NA,NA,NA,NA,NA,NA,NA,NA,2.0520009430297845,10.436284370940488,1119.4169467206311,0.30099309210049924,0.47677701309256704,0.5260121531342475,0.2996100815939968,1.1032665977797915,23.62774586636048,2004-07-07,1,2.63366700745812,0.09124471745243742,0.03976560413491901,1,1.1422859998572144,9.21377626064996,8.055319041695439,4.398851620483349
2004-08-01,08-2004,2004,8,upwelling,weak,108,24.796726903009617,21.60354764134285,NA,14,trailing,FALSE,upwelling,49.51024322018303,isotherm_chl_model,NA,NA,NA,NA,NA,NA,NA,NA,NA,NA,NA,NA,NA,NA,NA,NA,NA,1.0909209759702407,11.047899715320398,814.0628962830485,0.20664933444978947,0.5062398229674704,0.48475586742000437,0.3181247218308456,0.9575617038155323,22.868419023682765,2004-08-10,1,2.0045898056804825,0.07943066312663975,0.044541498436837225,1,0.713928749910759,5.744733993838982,8.04664890517026,2.6168516951578686
2004-09-01,09-2004,2004,9,relaxed,relaxed,121,27.793133502551882,24.74078913947001,NA,22,trailing,FALSE,relaxed,48.33340428242777,isotherm_chl_model,NA,NA,NA,NA,NA,NA,NA,NA,NA,NA,NA,NA,NA,NA,NA,NA,NA,NA,10.222620949883636,1063.162901180959,0.2764544204193365,0.3335087099123694,0.2815733364613859,0.2095792562250762,0.8442758107737883,26.17513698685562,2004-09-07,1,1.9599027502201063,0.0575118219094151,0.016288313198121063,1,0.17848218747768976,1.1655982016484892,6.6083590042461084,0.6678566031191663
2004-10-01,10-2004,2004,10,relaxed,relaxed,135,28.746453775879086,25.740356925693973,NA,16,,FALSE,relaxed,53.95620100018431,isotherm_chl_model,NA,NA,NA,NA,NA,NA,NA,NA,NA,NA,NA,NA,NA,NA,NA,NA,NA,NA,6.333516677281215,929.3070961318343,0.2164656548360219,0.19685025715891694,0.24907757585409288,0.1237021080916324,1.2653149630026284,27.058021810407933,2004-10-05,1,1.5405993742448105,0.027147188663535108,0.014126592619358084,1,0.06282572999214679,0.5428357339105819,6.413995504121221,0.2139038758362031
2004-11-01,11-2004,2004,11,relaxed,relaxed,128,28.429072125749986,25.417034241659852,NA,15,,FALSE,relaxed,53.45599542352086,isotherm_chl_model,NA,NA,NA,NA,NA,NA,NA,NA,NA,NA,NA,NA,NA,NA,NA,NA,NA,0.5818095354096755,5.7926098831291775,421.31023827509387,0.09905506833858134,0.19606897773140072,0.2460995814635505,0.12321114651714811,1.2551683816125558,26.67913217253666,2004-11-09,1,0.6861998701791413,0.017142946915306427,0.015031498908142588,1,0.8924109373884487,6.743818166680542,7.580176504870535,3.0627853111034398
2004-12-01,12-2004,2004,12,relaxed,relaxed,80,25.967339593072687,22.727356998554946,NA,31,,FALSE,relaxed,41.42022092940625,isotherm_chl_model,NA,NA,NA,NA,NA,NA,NA,NA,NA,NA,NA,NA,NA,NA,NA,NA,NA,3.9329818016094915,12.719540899564961,1124.5164920903462,0.3412121820847747,0.4429079129265285,0.3828857184287721,0.278326497055302,0.8644815485432226,25.31859962586632,2004-12-07,1,2.2692256565423397,0.029158091527500665,0.009803151461832122,1,0.713928749910759,5.49496295062859,7.774540004995422,3.049714771025254
2005-01-01,01-2005,2005,1,relaxed,relaxed,85,25.351965439499487,22.57166351454881,NA,27,,FALSE,relaxed,40.9679229116708,isotherm_chl_model,NA,NA,NA,NA,NA,NA,NA,NA,NA,NA,NA,NA,NA,NA,NA,NA,NA,0.8629644291832755,14.57354267588004,1147.5512758817458,0.35204587870388376,0.6762885821351629,0.547026748066449,0.4249845770883778,0.8088658636515623,24.579068662550604,2005-01-11,1,2.4861550990886343,0.030113270387884312,0.014880681193345166,1,1.2850717498393662,10.365498293231207,8.068514798934311,5.541445568016247
2005-02-01,02-2005,2005,2,relaxed,relaxed,111,26.30417896892348,22.792905744963264,NA,22,,FALSE,relaxed,NA,no_prediction,NA,NA,NA,NA,NA,NA,NA,NA,NA,NA,NA,NA,NA,NA,NA,NA,NA,NA,NA,NA,NA,NA,NA,NA,NA,NA,NA,NA,NA,0.04906602988075974,0.03564325326378961,1,0.42835724994645535,3.2470235617350762,7.580176504870535,NA
2005-03-01,03-2005,2005,3,relaxed,relaxed,73,25.891475301076017,22.727398416686974,NA,27,leading,FALSE,relaxed,NA,no_prediction,NA,NA,NA,NA,NA,NA,NA,NA,NA,NA,NA,NA,NA,NA,NA,NA,NA,NA,NA,NA,NA,NA,NA,NA,NA,NA,NA,NA,NA,0.06892369566241968,0.030012725244686032,1,0.5473453749315819,4.162850720173175,7.575759152594971,NA
2005-04-01,04-2005,2005,4,upwelling,weak,61,23.244067791541866,21.528898851115493,NA,36,,FALSE,upwelling,32.2335501210537,isotherm_chl_model,NA,NA,NA,NA,NA,NA,NA,NA,NA,NA,NA,NA,NA,NA,NA,NA,NA,1.6709119342352565,18.309246453061157,2276.2727390663713,0.8875386346223362,1.1518139203697013,0.8530837621723235,0.7238080972583861,0.7406437334066136,22.884920378652428,2005-04-05,1,5.821185229542985,0.05469655789986333,0.03760388355615604,1,1.296494609837938,10.307218383148781,7.892679210723504,6.86775718213568
2005-05-01,05-2005,2005,5,relaxed,relaxed,119,27.531558397964645,24.06244500734348,NA,17,trailing,FALSE,relaxed,55.37207680727305,isotherm_chl_model,NA,NA,NA,NA,NA,NA,NA,NA,NA,NA,NA,NA,NA,NA,NA,NA,NA,NA,5.928678194635845,669.3402679357275,0.15192430230269954,0.20494288708731587,0.2543573254382601,0.12878757456039205,1.2411132147752522,25.940174170789582,2005-05-10,1,1.2314073325044925,0.04971957331154856,0.03217444582344901,1,1.1422859998572144,8.658729497960204,7.580176504870535,3.8036796871672456
2005-06-01,06-2005,2005,6,relaxed,relaxed,108,28.844860374245513,24.399374422359514,NA,15,,FALSE,relaxed,52.557464909008395,isotherm_chl_model,NA,NA,NA,NA,NA,NA,NA,NA,NA,NA,NA,NA,NA,NA,NA,NA,NA,NA,4.593277548303296,831.0995077278644,0.19874203208142616,0.18324453773150623,0.1789899632141061,0.11515217679072863,0.9767819844996742,26.592394542977736,2005-06-14,1,1.4448149464067914,0.03091763153347054,0.030364633245880013,1,0.6425358749196831,4.745649820997419,7.37177564084774,2.237513469551658
2005-07-01,07-2005,2005,7,relaxed,relaxed,115,27.09001216934952,22.631232039367397,NA,23,leading,FALSE,relaxed,52.54604680568421,isotherm_chl_model,NA,NA,NA,NA,NA,NA,NA,NA,NA,NA,NA,NA,NA,NA,NA,NA,NA,1.7886922044346971,5.5482785864669335,863.8850863774021,0.20662698479935104,0.2850714532963306,0.31127085454117787,0.17914093808388018,1.0919046819381564,25.03607052037511,2005-07-12,1,1.768224134032677,0.04117323613969491,0.015433679480935698,1,0.42835724994645535,3.038881025726418,7.191449504620765,1.4919537514386383
2005-08-01,08-2005,2005,8,upwelling,weak,63,26.088095629083995,21.28710883638416,NA,12,,FALSE,upwelling,NA,no_prediction,NA,NA,NA,NA,NA,NA,NA,NA,NA,NA,NA,NA,NA,NA,NA,NA,NA,NA,NA,NA,NA,NA,NA,NA,NA,NA,NA,NA,NA,0.02825318523871617,0.010205332034625232,1,0.5711429999286072,4.454250270585297,7.7259491299642,NA
2005-09-01,09-2005,2005,9,NA,NA,NA,NA,NA,NA,NA,trailing,FALSE,NA,NA,no_prediction,NA,NA,NA,NA,NA,NA,NA,NA,NA,NA,NA,NA,NA,NA,NA,NA,NA,NA,NA,NA,NA,NA,NA,NA,NA,NA,NA,NA,NA,NA,NA,NA,0.39266081245091744,2.747481475314295,6.938776954458413,NA
2005-10-01,10-2005,2005,10,relaxed,relaxed,133,29.226026644812336,25.570562519574267,NA,27,,FALSE,relaxed,NA,no_prediction,NA,NA,NA,NA,NA,NA,NA,NA,NA,NA,NA,NA,NA,NA,NA,NA,NA,NA,NA,NA,NA,NA,NA,NA,NA,NA,NA,NA,NA,NA,NA,NA,0.21417862497322768,1.6235117808675381,7.871721755057863,NA
2005-11-01,11-2005,2005,11,NA,NA,NA,NA,NA,NA,NA,,FALSE,NA,NA,no_prediction,NA,NA,NA,NA,NA,NA,NA,NA,NA,NA,NA,NA,NA,NA,NA,NA,NA,NA,NA,NA,NA,NA,NA,NA,NA,NA,NA,NA,NA,NA,NA,NA,0.0713928749910759,0.666056115227708,9.329448005994506,NA
2005-12-01,12-2005,2005,12,relaxed,relaxed,98,26.805046673787174,24.01194619024517,NA,20,,FALSE,relaxed,NA,no_prediction,NA,NA,NA,NA,NA,NA,NA,NA,NA,NA,NA,NA,NA,NA,NA,NA,NA,NA,NA,NA,NA,NA,NA,NA,NA,NA,NA,NA,NA,0.05369110646788054,0.022421566933216033,1,0.52354774993455655,4.662392806593956,8.681569672244887,NA
2006-01-01,01-2006,2006,1,relaxed,relaxed,86,24.360507420751315,22.02095524228026,37.3,24,leading,TRUE,transition,37.3,observed,NA,NA,NA,NA,NA,NA,NA,NA,NA,NA,NA,NA,NA,NA,NA,NA,NA,1.4192919386138536,8.832216042589545,1176.3278153931121,0.3963607528378626,0.7104111060611407,0.5938176600635324,0.4464274149285285,0.8358789087011067,23.69020881547642,2006-01-12,1,2.7588897833411057,0.08817809058488994,0.03770442869935431,1,0.9423859498822017,8.45891266339189,9.010136541503623,4.404283084569242
2006-02-01,02-2006,2006,2,upwelling,weak,55,23.541182934429752,21.256778523599742,29.4,31,leading,FALSE,upwelling,29.4,observed,NA,NA,NA,NA,NA,NA,NA,NA,NA,NA,NA,NA,NA,NA,NA,NA,NA,0.12769627779919196,19.869967563410373,2785.40481875037,1.1907267277484268,2.4793865308299248,1.3956288041672202,1.5580642111636058,0.5628927909437588,23.383589986920803,2006-02-07,1,6.869444972186551,0.09702606318633844,0.052534837321100335,1,0.7496251874062969,6.119390558654567,8.079968362334528,4.297093083556383
2006-03-01,03-2006,2006,3,upwelling,weak,70,24.490170578081056,21.479027994174764,47.1,19,both,FALSE,upwelling,47.1,observed,NA,NA,NA,NA,NA,NA,NA,NA,NA,NA,NA,NA,NA,NA,NA,NA,NA,1.8260303678470424,6.2284309786896275,635.4849442342917,0.16957251783011323,0.34757779066856515,0.3203620290207806,0.2184203670957002,0.9216987898005937,23.31719220123904,2006-03-16,1,1.4843328688843505,0.061433082494147966,0.06344398535811352,1,0.24987506246876565,1.9149113312796604,7.2886312546832075,0.955968490743398
2006-04-01,04-2006,2006,4,upwelling,moderate,48,23.388872428457663,20.934092006792927,44.1,16,trailing,FALSE,upwelling,44.1,observed,NA,NA,NA,NA,NA,NA,NA,NA,NA,NA,NA,NA,NA,NA,NA,NA,NA,4.216332139688332,11.932435404433669,1661.9881189478629,0.4736531559338147,0.48648084599326663,0.5771893790393026,0.30570803952257813,1.1864585909047105,22.12043987237582,2006-04-04,1,4.471184182985563,0.08878136144407962,0.03634706926617756,1,0.3569643749553795,2.705852968112563,7.725949129964199,1.4450043898584133
2006-05-01,05-2006,2006,5,relaxed,relaxed,93,27.44518826116781,23.49199626766679,NA,17,trailing,FALSE,relaxed,51.77406742611253,isotherm_chl_model,NA,NA,NA,NA,NA,NA,NA,NA,NA,NA,NA,NA,NA,NA,NA,NA,NA,NA,NA,650.620346656756,0.15793793875590803,0.2216535090837273,0.2519131706975245,0.13928864882015132,1.1365178550020922,25.463453548307253,2006-05-10,1,1.25408865557092,0.07038160023879472,0.04006723956451385,1,1.0153653332064128,7.97417182397617,7.960265127336978,3.58167843110685
2006-06-01,06-2006,2006,6,relaxed,relaxed,110,25.816165369327162,22.40915155380674,52.5,17,,FALSE,relaxed,52.5,observed,NA,NA,NA,NA,NA,NA,NA,NA,NA,NA,NA,NA,NA,NA,NA,NA,NA,2.064806432253494,NA,NA,NA,0.18543536763812515,0.2224692940286972,0.11652890995750405,1.1997133926621986,24.003833428935227,2006-06-06,1,NA,0.05027257159913908,0.012718960614582189,1,1.249375312343828,8.866872033968862,7.073141287153443,4.354806257087136
2006-07-01,07-2006,2006,7,relaxed,relaxed,109,25.823083387823093,22.38465495483254,NA,16,leading,TRUE,transition,48.97551879033023,isotherm_chl_model,NA,NA,NA,NA,NA,NA,NA,NA,NA,NA,NA,NA,NA,NA,FALSE,2006-07-04,1,1.7048922252647276,NA,NA,NA,0.19994487988220538,0.1948299875516892,0.12564679112199292,0.9744184880676637,24.16211200127765,2006-07-04,1,NA,0.020109028639655635,0.006535434307888081,1,0.8924109373884487,6.4107901090666894,7.187711745002978,3.301683688717615
2006-08-01,08-2006,2006,8,upwelling,weak,72,26.300223189220137,21.295433422797295,37.3,12,,FALSE,upwelling,37.3,observed,NA,NA,NA,NA,NA,NA,NA,NA,NA,NA,NA,NA,NA,NA,FALSE,2006-08-03,1,1.9977123108581727,NA,735.5354438628137,0.2478368516440875,0.4508564726351632,0.37125722009299505,0.2833214287685817,0.8234487971816686,23.297647654154197,2006-08-03,1,1.7385745650869153,0.07892793741064837,0.04222896014327684,1,0.4640536874419933,3.413537590542003,7.256237337995726,2.168775761340915
2006-09-01,09-2006,2006,9,relaxed,relaxed,115,27.881903151716237,23.139798937752968,56.9,15,trailing,FALSE,relaxed,56.9,observed,NA,NA,NA,NA,NA,NA,NA,NA,NA,NA,NA,NA,NA,NA,FALSE,2006-09-12,1,1.3674174996842239,NA,840.2318414902277,0.18559145611245143,0.21734245753297043,0.273343675710323,0.13657955322323875,1.2576634994055742,25.25065870479607,2006-09-12,1,1.6818574772194186,0.06369534821610923,0.052786200179096035,1,0.4640536874419933,3.5384231121471985,7.635708933477645,1.509574336372597
2006-10-01,10-2006,2006,10,relaxed,relaxed,104,26.292679287688067,23.61238660047976,64.6,15,,FALSE,relaxed,64.6,observed,NA,NA,NA,NA,NA,NA,NA,NA,NA,NA,NA,NA,NA,NA,FALSE,2006-10-10,1,1.9189239703216816,NA,703.4126120685651,0.13685124188836836,0.6109939045782846,0.6282252154778449,0.38395293518186707,1.028202099514321,24.501262490268783,2006-10-10,1,1.4941245402794388,0.040419147565707816,0.050071481312742534,1,0.606839437424145,4.454250270585297,7.120432071882825,1.7703816405505453
2006-11-01,11-2006,2006,11,relaxed,relaxed,125,28.568198913527944,25.666929530814354,32.6,22,,FALSE,relaxed,32.6,observed,NA,NA,NA,NA,NA,NA,NA,NA,NA,NA,NA,NA,NA,NA,FALSE,2006-11-02,1,0.028686810513354984,4.85069007298123,416.95317944257926,0.1607462313421453,0.11446649906085415,0.10310086595736044,0.07193156587174471,0.9007077774130983,28.058504799901858,2006-11-02,1,0.5722178273843403,0.03177226525065591,0.016338585769720203,1,0.4115589264191434,3.692693462365381,10.374764309187167,2.1590560917481754
2006-12-01,12-2006,2006,12,relaxed,relaxed,128,27.077163072362087,23.93784282339077,45.1,24,,FALSE,relaxed,45.1,observed,NA,NA,NA,NA,NA,NA,NA,NA,NA,NA,NA,NA,NA,NA,FALSE,2006-12-05,1,0.15934337571216833,5.6213382041806,921.3974527856726,0.25676840031281645,0.3100807874263761,0.4631155359773448,0.19485698234262397,1.4935318625224543,25.935650283539626,2006-12-05,1,1.7298584204123844,0.03684979498216895,0.01704240177210815,1,0.42835724994645535,3.7881941553575893,8.819243818166681,1.7009644983647179
2007-01-01,01-2007,2007,1,NA,NA,NA,NA,NA,NA,NA,leading,FALSE,NA,NA,no_prediction,NA,NA,NA,NA,NA,NA,NA,NA,NA,NA,NA,NA,NA,NA,NA,NA,NA,NA,NA,NA,NA,NA,NA,NA,NA,NA,NA,NA,NA,NA,NA,NA,0.475952499940506,4.079593705769712,8.632978797213665,NA
2007-02-01,02-2007,2007,2,upwelling,moderate,43,23.1182272707525,20.77589972729915,23.7,23,leading,FALSE,upwelling,23.7,observed,NA,NA,NA,NA,NA,NA,NA,NA,NA,NA,NA,NA,NA,NA,FALSE,2007-02-05,1,1.2515905737321236,25.688651156172128,2981.7608431039316,1.5812319143085627,3.5270950300838315,2.621947104976957,2.216451717960713,0.743372969146975,22.677558311007715,2007-02-06,1,7.791666580205063,0.09134526259563572,0.04524531443922518,1,1.0708931248661384,9.07501456997752,8.443150445425028,7.3855807367562845
2007-03-01,03-2007,2007,3,upwelling,moderate,36,23.56269341349826,20.85521446403736,38.3,13,both,FALSE,upwelling,38.3,observed,NA,NA,NA,NA,NA,NA,NA,NA,NA,NA,NA,NA,NA,NA,FALSE,2007-03-06,1,4.4184086738928565,9.685614254555205,1691.8893485026433,0.5551933969348559,0.6996400978175934,0.7232293573905854,0.43965883638954545,1.033716277335411,21.929590068835655,2007-03-06,1,4.6190295073862355,0.041927324713682,0.04851303159316922,1,0.5711429999286072,4.495878777787029,7.88560486220964,2.609353452207175
2007-04-01,04-2007,2007,4,upwelling,moderate,39,24.07004494627084,20.887328977203484,NA,19,both,FALSE,upwelling,41.86903894723664,isotherm_chl_model,NA,NA,NA,NA,NA,NA,NA,NA,NA,NA,NA,NA,NA,NA,FALSE,2007-04-10,1,2.5627518170229466,9.150554639500081,1607.819162443778,0.48263111594395336,0.4767661413315206,0.49904646351326193,0.2996032497016767,1.0467321821963205,22.760813503023805,2007-04-10,1,4.114201516931336,NA,NA,NA,0.3569643749553795,3.1637665473316128,8.86297560569478,1.5108219603387751
2007-05-01,05-2007,2007,5,upwelling,weak,70,25.831790000263524,21.33570512477467,52.8,21,trailing,FALSE,upwelling,52.8,observed,NA,NA,NA,NA,NA,NA,NA,NA,NA,NA,NA,NA,NA,NA,FALSE,2007-05-08,1,1.9678523349356454,3.193993901963542,1365.2591522894118,0.3249767447199307,0.2596480796210655,0.3570802568602075,0.16316470841661226,1.375247055096021,23.714196732147943,2007-05-08,1,3.2142187210870037,0.07314659167674736,0.0457983127268157,1,1.8562147497679733,14.903005578219965,8.141401111481143,6.438443876440067
2007-06-01,06-2007,2007,6,relaxed,relaxed,127,27.81162558696647,24.55490313637822,54,21,both,FALSE,relaxed,54,observed,NA,NA,NA,NA,NA,NA,NA,NA,NA,NA,NA,NA,NA,NA,FALSE,2007-06-05,1,0.12433568123077454,2.5530049586908135,816.106477879938,0.18994338584139073,0.19602592481118042,0.20145091040785207,0.12318409175446902,1.0276748374068236,26.14682045256363,2007-06-05,1,1.4881419511646,0.04806057844877697,0.029208364099099805,1,1.39216106232598,10.4903838148364,7.532608595629445,4.736616650625489
2007-07-01,07-2007,2007,7,upwelling,weak,71,25.807574559589415,21.567037746264816,44.7,13,,FALSE,upwelling,44.7,observed,0.49253860760194,0.254653798290232,0.08433023969098587,0.1535545696207222,0.7009091404496087,0.13653562373371583,0.16255523581667541,0.5170230198401791,0.17121549131259145,0.31176148884722954,1.0046020804465312,1.0065933802124023,0.10984370658450504,-0.9633854311384984,FALSE,2007-07-03,1,NA,10.226391425946415,1217.2598537522301,0.3422527021952827,0.45819791591913955,0.4690829693938872,0.28793484418276566,1.023756226505117,23.902517458014778,2007-07-03,1,2.8075274123973104,0.08435737514335538,0.04997093616954424,1,0.8567144998929107,6.66056115227708,7.774540004995422,3.428031966582929
2007-08-01,08-2007,2007,8,relaxed,relaxed,113,28.482817425455927,24.347630801995592,NA,20,trailing,FALSE,relaxed,53.31530852465266,isotherm_chl_model,0.3942238002007902,0.024600519346396635,0.10890668147451688,0.2607165993798767,0.13020357835068783,0.3390660037464923,0.5307304179028197,0.06240242048772002,0.27625597799789714,0.6613416015143828,0.20040136842691886,0.8019516913998426,-0.5126122035795206,-1.1708707345265068,FALSE,2007-08-07,1,NA,4.91589217845082,822.1399358424133,0.19380497803008162,0.19338507842913527,0.22513807208045994,0.12152456501917286,1.164195675846626,26.58607791243581,2007-08-07,1,1.4293409115455802,0.08164265627700186,0.05122775045952272,1,0.713928749910759,6.202647573058031,8.760240612771627,2.455774688229646
2007-09-01,09-2007,2007,9,relaxed,relaxed,123,28.76815590892023,25.4931556640812,NA,16,,FALSE,relaxed,54.00016942821094,isotherm_chl_model,0.4588903496186076,0.048385128669462776,0.1410863532123409,0.2694188677368039,0.2058943900845165,0.3531577165366072,0.44094789337887624,0.1054394120723536,0.3074511227564502,0.5871094651711961,0.31767049635473915,0.9124799939212278,-0.37285805316757914,-1.1242860177225265,FALSE,2007-09-04,1,0.26055752114155484,6.952570948695354,806.1290367631018,0.18762061373110359,0.2006892392066155,0.22485661035387042,0.1261145518398916,1.1204218584055416,27.036019299660666,2007-09-04,1,1.329176303181627,NA,NA,NA,0.7139287499107588,6.036133544251103,8.428308141779128,2.429027640803791
2007-10-01,10-2007,2007,10,relaxed,relaxed,120,28.858352503652064,24.495128204962004,NA,12,,FALSE,relaxed,56.40577121469325,isotherm_chl_model,0.484328179166596,0.029615536209607128,0.14206286698918963,0.31264977596779925,0.1268701643545831,0.3579905444390093,0.5151392912064077,0.061147662852423415,0.29331943318607484,0.6455329039615019,0.21495530834450338,0.8131654236495957,-0.5117692607855664,-1.1705897535951888,FALSE,2007-10-19,1,0.4026773186454805,5.570996289833936,998.7236626498807,0.2225322239067341,0.22922289975466734,0.352901282934216,0.14404530800098492,1.53955509380572,26.230779579581366,2007-10-09,1,1.824662067352555,0.02458328751197901,0.008345246885457088,1,0.2855714999643036,2.2479393888935144,6.997086004495879,0.9359483102803926
2007-11-01,11-2007,2007,11,relaxed,relaxed,101,27.10531320417516,25.32002608179792,NA,19,,FALSE,relaxed,NA,no_prediction,NA,NA,NA,NA,NA,NA,NA,NA,NA,NA,NA,NA,NA,NA,NA,NA,NA,NA,NA,NA,NA,NA,NA,NA,NA,NA,NA,NA,NA,NA,NA,NA,0.7853216249018348,6.827075181084007,8.693349278313063,NA
2007-12-01,12-2007,2007,12,relaxed,relaxed,118,27.67274431272574,25.29902250040429,NA,14,,FALSE,relaxed,53.108433446693326,isotherm_chl_model,0.43133302110337246,0.035815781713005826,0.1528756367534396,0.24264160263692705,0.16349287139586735,0.4105005510365857,0.42600657756754695,0.08303510271805106,0.3544259986457232,0.5625388986362256,0.3198367535354071,0.8978883761505417,-0.41544541566274196,-1.138481805220914,FALSE,2007-12-11,1,0.7798433877040284,5.549970197079556,754.0012447195868,0.17843485064877923,0.31308070049032205,0.3370721904332039,0.19674214914635418,1.0766303700780926,26.5584678537075,2007-12-11,1,1.3079461965224517,0.036095706408181855,0.018399761205284908,1,0.9281073748839866,7.493131296311715,8.093851469486307,3.2031741339090023
2008-01-01,01-2008,2008,1,relaxed,relaxed,83,25.713276490425123,23.12606084767959,NA,19,leading,FALSE,relaxed,48.48711344893552,isotherm_chl_model,0.36935297537823875,0.15852928404915242,0.0867695557382782,0.1240541355908081,0.6161661741536678,0.19838407519373896,0.1854497506525933,0.42920808716055237,0.23492312644678492,0.33586878639266277,0.8926798502214712,1.0697598970514601,0.053249125673511144,-0.9822502914421629,FALSE,2008-01-10,1,1.4598557757720756,7.978254319906226,709.5714737947987,0.18392506886713217,0.360441377409288,0.3546474177512773,0.22650393691375925,0.983925375883159,24.753208512840867,2008-01-10,1,1.4735474979321495,0.09657361004194619,0.05560146418864783,1,0.8924109373884487,6.660561152277079,7.340080416480972,3.3301982900693807
2008-02-01,02-2008,2008,2,upwelling,weak,76,24.658963637997793,21.905584655490173,NA,27,leading,FALSE,upwelling,36.23659486672017,isotherm_chl_model,1.050674035388348,0.14731545129110837,0.38792224972018063,0.5154363343770589,0.2567590666125184,0.39771617694202915,0.34552475644545255,0.14021042333710848,0.36921274977238555,0.490576826890506,0.44897414590018414,0.9927117206318524,-0.27196336462464843,-1.0906544548748827,FALSE,2008-02-12,1,1.0002588361782336,16.039932737854656,1530.9295270957518,0.5309809361726283,0.7617844006289064,0.5944538329294049,0.47871076029654935,0.7803439299080444,24.08323895977306,2008-02-12,1,3.5052081412326688,0.09732769861593325,0.05524955618745385,1,NA,NA,NA,NA
2008-03-01,03-2008,2008,3,upwelling,moderate,48,23.37169808807931,20.77421019297022,NA,26,both,FALSE,upwelling,31.53753959705082,isotherm_chl_model,1.0361890364745965,0.6464337083499369,0.19906637844248506,0.1906889496821746,0.7724389916159554,0.13992302567379525,0.08763798271024925,0.6238569272545907,0.19211395935992942,0.1840291133854798,1.2391683633226926,0.9227799782315134,0.26509923401633995,-0.91163358866122,FALSE,2008-03-11,1,1.7179053233541635,16.583862299759662,1873.482726182459,0.7466086106838012,1.3114321807991272,0.7468036225978008,0.8241133525829903,0.569456532737158,22.945678187335993,2008-03-11,1,4.74537896331769,0.11210783466608015,0.05142884074591928,1,NA,NA,NA,NA
2008-04-01,04-2008,2008,4,upwelling,moderate,39,23.46249620513233,20.421054453158426,NA,26,both,FALSE,upwelling,43.82122331839055,isotherm_chl_model,3.4909127728783127,0.5499515841859722,2.15820129522043,0.7827598934719108,0.2593446668925825,0.5986815739153457,0.14197375919207195,0.15753804805971372,0.6182340939561657,0.22422785798412045,0.7326507395291748,0.923687032013299,-0.07665205402791453,-1.0255506846759717,FALSE,2008-04-08,1,1.853397651767201,20.860994550089234,1027.416010252265,0.29466797721637533,0.4112549415322566,0.4170456015199743,0.2584355436710016,1.0140804629997704,22.532059572475667,2008-04-08,1,2.629959658757269,0.16403940112799084,0.0845081928581528,1,NA,NA,NA,NA
2008-05-01,05-2008,2008,5,upwelling,weak,88,26.030053322758846,21.674654985478814,58.9,21,trailing,FALSE,upwelling,50.10806260439714,isotherm_chl_model,0.3487132786435087,0.033502439241863885,0.13687063507351138,0.17834020432813344,0.18346747870182312,0.44090398636997175,0.3756285349282052,0.09607445799651809,0.39250193054287125,0.5114236114606105,0.38399139598948917,0.9350790166491412,-0.3630864158171132,-1.1210288052723711,FALSE,2008-05-04,1,2.354344829483504,6.394496557100582,1176.1066546929806,0.29499197800299864,0.2617074038361315,0.26361932461165943,0.1644588024672091,1.007305566244985,24.17297818835427,2008-05-06,1,2.6455624695174182,0.0736995899643379,0.03941369613372504,1,NA,NA,NA,NA
2008-06-01,06-2008,2008,6,relaxed,relaxed,116,27.514893238931563,23.365830117915756,36.787,15,trailing,FALSE,relaxed,36.787,observed,0.25612746032923756,0.009057805835424903,0.042719175478236185,0.20435047901557649,0.08031175052777469,0.22280761290296933,0.696880636569256,0.03536444637283952,0.16678873644912212,0.7978468171780383,0.03685817864838287,0.5970975262014433,-0.6766763266163602,-1.2255587755387867,FALSE,2008-06-03,1,0.16239776044119683,6.692618094243344,NA,NA,0.1485189621352656,0.12591227928279028,0.09333037697218707,0.8477858818331494,25.445084858278605,2008-06-04,1,NA,0.09400970889039008,0.05147911331751842,1,NA,NA,NA,NA
2008-07-01,07-2008,2008,7,relaxed,relaxed,71,25.20535919384574,22.031995983165395,45.228,15,,FALSE,relaxed,45.228,observed,0.6624264354515302,0.18927460186951672,0.12404779185152573,0.3491040417304878,0.4773457657411525,0.18402670481995612,0.33862752943889146,0.2857292398672183,0.18726274377466676,0.527008016358115,0.5580617729626851,1.009216043635722,-0.13293126776110165,-1.0443104225870339,FALSE,2008-07-08,1,2.3977612157460007,7.35059628324988,1591.756554762876,0.4423238666739388,0.40308446040291973,0.5160732453114978,0.25330115495132655,1.2803104460927008,23.444915106556053,2008-07-08,1,3.853108250293594,0.04801030587717782,0.025890374373556627,1,NA,NA,NA,NA
2008-08-01,08-2008,2008,8,relaxed,relaxed,107,26.281978862168614,22.90562192454385,NA,17,,FALSE,relaxed,48.7633018843949,isotherm_chl_model,0.49923945906204004,0.09012057358086055,0.16329805272918838,0.24582083275199115,0.3210282718293899,0.34217747583476377,0.33679425233584626,0.18051572636140795,0.3270936416684472,0.4923906319701448,0.4874656438448448,1.0234119846477554,-0.217897369201563,-1.072632456400521,FALSE,2008-08-05,1,1.322910119195502,8.160992630593979,653.7724110766032,0.16850181937694156,0.42795547601264206,0.3976431224618905,0.2689302788636149,0.9291693756715567,24.455434140968276,2008-08-05,1,1.3872593934995086,0.053037563037091735,0.025337376085966097,1,NA,NA,NA,NA
2008-09-01,09-2008,2008,9,relaxed,relaxed,126,29.251492072420447,25.560601359717555,NA,16,,FALSE,relaxed,53.594532358412714,isotherm_chl_model,0.3328213750764346,0.026392174210404133,0.06148461302132261,0.24494458784470785,0.16835066696235815,0.2307050996953944,0.6009442333422474,0.07929831491244513,0.1847375728412944,0.7359641122462605,0.14267475211976638,0.7386003490028998,-0.4837963393615196,-1.1612654464538399,FALSE,2008-09-10,1,0.08107946629078476,4.541855472359307,601.2037704939886,0.14098480884070613,0.22380121623520025,0.24593053175530907,0.14063828333948142,1.0988793353868658,27.514324637630285,2008-09-10,1,0.9164232271381537,0.04790976073397954,0.023477290936797953,1,NA,NA,NA,NA
2008-10-01,10-2008,2008,10,relaxed,relaxed,133,29.7001793561556,25.251024539464662,NA,14,,FALSE,relaxed,55.50163191810422,isotherm_chl_model,0.30546492133313874,0.01860737027668548,0.057520063366446404,0.22933748769000686,0.13229609661785227,0.24056501291562687,0.6271388904665209,0.06091491682736415,0.18830333484909473,0.750781748323541,0.10947371795740474,0.7000714078599,-0.5453950253572712,-1.181798341785757,FALSE,2008-10-10,1,0.24348152324140634,5.485394247757954,NA,NA,0.23337314376325258,0.26439153769487517,0.14665335098942867,1.1329132968405717,27.42602905458029,2008-10-10,1,NA,0.055098738472656436,0.024382197225582453,1,NA,NA,NA,NA
2008-11-01,11-2008,2008,11,relaxed,relaxed,124,27.339129329143216,24.52474797608576,NA,23,,FALSE,relaxed,NA,no_prediction,NA,NA,NA,NA,NA,NA,NA,NA,NA,NA,NA,NA,NA,NA,NA,NA,NA,NA,NA,NA,NA,NA,NA,NA,NA,NA,NA,NA,NA,0.03172199267905676,0.016338585769720203,1,0.5354465624330692,4.787278328199151,8.965016443260344,NA
2008-12-01,12-2008,2008,12,relaxed,relaxed,123,26.57275561410682,24.916369142001184,NA,28,,FALSE,relaxed,54.18666377155952,isotherm_chl_model,0.4071009747426089,0.01630436825097801,0.09041664693870385,0.30037995955292707,0.0881215339833943,0.2874600844324115,0.6244183815841943,0.040049936655854254,0.2220988220327159,0.7378512413114299,0.1015392447980061,0.6873593915014203,-0.6326834893577624,-1.2108944964525874,FALSE,2008-12-10,1,0.31364733533018607,3.47298451536476,236.6420605014652,0.05488714428000908,0.19125786135519515,0.31185370117013356,0.12018780661096579,1.6305405642436492,25.847463240706766,2008-12-10,1,0.38862974173452525,0.022321021790017753,0.013523321760168414,1,0.39266081245091744,3.6216801265506624,9.246149363083841,1.3320191583294754
2009-01-01,01-2009,2009,1,relaxed,relaxed,80,24.946675042508176,23.378931139402795,NA,32,leading,FALSE,relaxed,29.47844552902398,isotherm_chl_model,1.0685959146765327,0.7071311998188115,0.14491619934166156,0.21654851551605964,0.8075372170549395,0.09734879081306824,0.0951139921319924,0.6617386330106477,0.13561365652939836,0.20264771045995397,1.2584314720042753,0.8676541030395339,0.2569723942854366,-0.9143425352381876,FALSE,2009-01-13,1,0.31338423234381657,12.367964648047664,1867.0750965337302,0.7960279518389619,1.7200937888111445,0.9966228511948536,1.0809192269405337,0.5794002964708551,24.785016144116536,2009-01-13,1,4.03574051231611,0.10708057750616626,0.0734482271063422,1,0.6425358749196831,4.7456498209974205,7.409734666299483,3.674811384006203
2009-02-01,02-2009,2009,2,upwelling,weak,105,24.098545135705443,21.540435051683996,NA,28,leading,FALSE,upwelling,47.00590690491073,isotherm_chl_model,0.6062804505340613,0.21007368983256688,0.07229932465015135,0.32390743605134314,0.5569550465195682,0.11275447805104628,0.3302904754293855,0.34649589912971274,0.11925062829663101,0.5342534725736563,0.6115829760096381,0.9557507744594484,-0.09402462735536998,-1.03134154245179,FALSE,2009-02-10,1,5.186723632672112,8.870766104749745,1200.1633933159164,0.32089211810759083,0.7550775896934118,0.6863935555133015,0.47449615238459264,0.9090371173537299,NA,2009-02-10,1,NA,0.12708906100262363,0.08837918087128652,1,NA,NA,NA,NA
2009-03-01,03-2009,2009,3,upwelling,weak,65,24.16356682363377,21.457059868711713,NA,19,both,FALSE,upwelling,38.29042531954034,isotherm_chl_model,0.6856922872691598,0.214350725505766,0.1529399703117677,0.318401591451626,0.5022539686816634,0.2107999480425332,0.28694608327580357,0.3126048367255812,0.2230446122135439,0.46435055106087486,0.647594835118288,1.0543646761960936,-0.08592513599671137,-1.0286417119989038,FALSE,2009-03-03,1,2.159368405712817,10.226385742368958,819.8342211644139,0.26909582643026636,0.6149085205042615,0.5306306886911725,0.38641290779963955,0.8629424881867368,22.940624204001548,2009-03-03,1,2.0081028458736663,0.07606240082949743,0.0547971030430616,1,NA,NA,NA,NA
2009-04-01,04-2009,2009,4,upwelling,weak,58,24.32249794412408,21.269902119000935,NA,20,both,FALSE,upwelling,46.78642297724108,isotherm_chl_model,0.47407446219828786,0.06129717342449955,0.14162148612673572,0.2711558026470526,0.24627761183793156,0.3347069351765666,0.41901545298550175,0.12929861933558698,0.2987325777263672,0.5719688029380458,0.3566703658511229,0.9449701475751899,-0.32288922706269974,-1.1076297423542332,FALSE,2009-04-07,1,3.38927439835781,6.8989028947145234,NA,NA,0.32729653354170973,0.33836376747962976,0.2056754802078203,1.033814088460273,23.047841773512776,2009-04-07,1,NA,0.05595337218984181,0.037302248126561195,1,NA,NA,NA,NA
2009-05-01,05-2009,2009,5,upwelling,moderate,46,23.95302785544563,20.651903368901376,47.6,19,both,FALSE,upwelling,47.6,observed,0.7190179271695828,0.12023183721086833,0.16095513433017483,0.43783095562853963,0.31366912366273325,0.24700639690368298,0.4393244794335837,0.1672167447676325,0.22385413248842828,0.6089291227439392,0.357628171477275,0.9361786164845983,-0.2806434902420014,-1.0935478300806671,FALSE,2009-05-08,1,2.6783176719037756,8.09212234720621,NA,NA,0.4579855269256598,0.466644819593208,0.2878013774217459,1.0189073500328183,22.38200584917545,2009-05-08,1,NA,0.11462146324603713,0.0591708167721867,1,NA,NA,NA,NA
2009-06-01,06-2009,2009,6,upwelling,moderate,40,24.219080127683043,20.902750079429257,52.693,19,trailing,FALSE,upwelling,52.693,observed,0.5833276787672419,0.09604853900962357,0.1920495616709869,0.29522957808663136,0.29776149045644934,0.3502209851657658,0.3520175243777849,0.16465623440431437,0.3292310114220006,0.506112754173685,0.4578840296842111,1.0074574939736136,-0.24383455133158694,-1.0812781837771956,FALSE,2009-06-02,1,3.6006404513822643,10.150449385567468,1115.3506075845785,0.2660293742904133,0.4062291283672083,0.4332384416580116,0.25527728676870426,1.0664878793880788,22.551067428422336,2009-06-02,1,2.8616762927197708,0.07792248597866556,0.05012175388434167,1,NA,NA,NA,NA
2009-07-01,07-2009,2009,7,relaxed,relaxed,111,26.210009706969533,22.805103922385875,60.656,18,trailing,FALSE,relaxed,60.656,observed,0.2958773266643212,0.046829787373019766,0.08189689650326783,0.16715064278803357,0.2939849577828853,0.30242761651433775,0.403587425702777,0.15827433585726933,0.2767934178213713,0.5649322463213593,0.39268263898949163,0.9699078710051581,-0.2762929325656678,-1.092097644188556,FALSE,2009-07-14,1,1.710553641223787,5.526340068537954,806.6227034348177,0.1671351457890316,0.2445090688692084,0.2953469224850583,0.15365124589207635,1.207918069668998,24.127458926350556,2009-07-14,1,1.787257444418582,0.04966930073994942,0.03468807440340597,1,NA,NA,NA,NA
2009-08-01,08-2009,2009,8,relaxed,relaxed,80,26.81248448995447,22.112341069199253,41,14,,FALSE,relaxed,41,observed,0.7839512523195922,0.1395070672559056,0.20535728506705647,0.4390868999966301,0.3250510896863736,0.2814599524853999,0.3934889578282265,0.1779537526639896,0.2619516002550357,0.5600946470809747,0.4171996550365966,0.9827571590730365,-0.24897713564243895,-1.0829923785474795,FALSE,2009-08-11,1,1.2178686414257225,9.114836208161222,1426.0791807697874,0.43715041293469964,0.5470212585498309,0.48050809976821424,0.34375206733371927,0.8784084571814541,24.479202156085588,2009-08-11,1,3.144317514980683,0.09717688090113583,0.043787409862850145,1,NA,NA,NA,NA
2009-09-01,09-2009,2009,9,relaxed,relaxed,118,27.593447460078643,22.82841421805696,46.5,21,,FALSE,relaxed,46.5,observed,0.46980493322637407,0.047811681995403615,0.11174491577745577,0.31024833545351466,0.20531466877467455,0.2822700548656196,0.5124152763597057,0.10176922082758486,0.2378538577916801,0.660376921380735,0.2407328489004315,0.8481489399393516,-0.40608771891532214,-1.135362572971774,FALSE,2009-09-15,1,0.3424340945849598,10.49605685482939,793.1451909698308,0.2143733785029229,0.2809947137615316,0.20188525978643207,0.1765790858319524,0.7184663977620718,25.459854623907383,2009-09-15,1,1.5498590793608986,0.08189401913499757,0.04323441157525961,1,NA,NA,NA,NA
2009-10-01,10-2009,2009,10,relaxed,relaxed,116,26.93373806277398,23.626572116930376,56,18,,FALSE,relaxed,56,observed,0.5097069069984161,0.09883251120189497,0.1567997287297341,0.2540746670667871,0.34223126092026834,0.31938626281239113,0.3383824762673406,0.19390067084612228,0.3076272394523807,0.49847208970149703,0.49476913059820704,1.027767996514041,-0.205030767407674,-1.0683435891358914,FALSE,2009-10-07,1,1.3311901046098038,NA,925.3266929594032,0.20767210903748295,0.31877463067751854,0.31268065820922675,0.20032025555905836,0.9808831322136904,25.201718709350388,2009-10-06,1,1.8710084323691047,0.053087835608690875,0.008043611455862253,1,NA,NA,NA,NA
2009-11-01,11-2009,2009,11,relaxed,relaxed,131,28.204188716541935,24.874131679889185,50.9,21,,FALSE,relaxed,50.9,observed,0.23076430994588365,0.007491171650280688,0.03570124381074612,0.18757189448485684,0.07443907331570646,0.20868230981876668,0.7168786168655269,0.0324624360328399,0.15470868878778693,0.8128288751793732,0.01897411030704843,0.5684360141274317,-0.6993090081804272,-1.233103002726809,FALSE,2009-11-10,1,0.14349451199510466,4.809572661183695,475.28875453654763,0.11735750463017795,0.15571204752272824,0.1252038391777049,0.09785056322418628,0.8040729100259871,26.615861432739162,2009-11-10,1,0.7894705763307138,0.046652946444001066,0.022874020077608283,1,0.2855714999643036,2.4144534177004418,8.551994005494963,1.022171118955439
2009-12-01,12-2009,2009,12,relaxed,relaxed,110,25.59944335721557,23.938807290250992,69.09,37,,FALSE,relaxed,69.09,observed,0.35055283861932074,0.10504204039679382,0.0694639404904137,0.17604685773211323,0.49173874598085165,0.19128537857242167,0.3169758754467266,0.29964681162049617,0.19815540722477887,0.5021977811547249,0.5967895799193529,1.027768849382309,-0.11213256429317131,-1.037377521431057,FALSE,2009-12-08,1,1.3896108770270874,7.92259490942794,734.0260729567569,0.1335264810694509,0.2588792304836586,0.22390151045420045,0.16268155812524693,0.864887886277667,24.623043307455767,2009-12-08,1,1.5462982035212556,0.06067899392016088,0.021164752643237555,1,0.475952499940506,3.9685843532317597,8.357630505370077,1.310744299173
2010-01-01,01-2010,2010,1,relaxed,relaxed,102,25.31629259458976,22.73186207763833,55.7,29,leading,FALSE,relaxed,NA,no_prediction,NA,NA,NA,NA,NA,NA,NA,NA,NA,NA,NA,NA,NA,NA,NA,NA,NA,NA,NA,NA,NA,NA,NA,NA,NA,NA,NA,NA,NA,0.08059950041631975,0.05169880445540666,1,0.32126793745984156,2.7891099825160275,8.74635750561985,NA
2010-02-01,02-2010,2010,2,upwelling,moderate,27,22.876930617981017,20.520870502613285,20.1,25,,FALSE,upwelling,NA,no_prediction,NA,NA,NA,NA,NA,NA,NA,NA,NA,NA,NA,NA,NA,NA,NA,NA,NA,NA,NA,NA,NA,NA,NA,NA,NA,NA,NA,NA,NA,0.055737702857681495,0,1,0.42835724994645535,3.663308633752394,8.74635750561985,NA
2010-03-01,03-2010,2010,3,relaxed,relaxed,104,27.392590324909534,23.849193587053943,61.8,21,trailing,FALSE,relaxed,61.8,observed,0.47340731936099956,0.02761456939885166,0.1966724319873776,0.24912031797477027,0.11548427221554318,0.4838147817355068,0.40070094604895007,0.05833152186181982,0.4154402011630156,0.5262282769751646,0.33144379434023696,0.8685343271399572,-0.47763543700388666,-1.1592118123346289,FALSE,2010-03-09,1,1.6879586036822607,4.62585690307994,852.455430861012,0.1733621629572621,0.2598461482350525,0.34959809510876355,0.16328917614883978,1.3454041842964821,25.237563353275014,2010-03-09,1,1.7099269374027484,0.060672458485852995,0.04257337753130253,1,0.2855714999643036,2.705852968112564,9.475220631088169,0.8654049034013754
2010-04-01,04-2010,2010,4,relaxed,relaxed,96,26.074931294058793,22.732945087765565,54.6,23,,FALSE,relaxed,54.6,observed,0.4111331183448076,0.06401259522335861,0.1445132276818489,0.2026072954396001,0.28206058775556847,0.37457229449893575,0.3433671177454957,0.15569797802003577,0.35149984575226817,0.49280217622769595,0.46223635124592144,1.005812353153774,-0.25019482220004396,-1.0833982740666812,FALSE,2010-04-07,1,1.08996220843348,6.554560285310492,592.0953335521879,0.13629191872490157,0.2696608219984864,0.2570952104589164,0.16945678726752006,0.9534021611057741,24.44618273810199,2010-04-07,1,1.2479112872473719,0.09024228237475061,0.04259087238621903,1,0.2526209422761147,2.0045727314064674,8.051134216711604,0.8513941540095856
2010-05-01,05-2010,2010,5,relaxed,relaxed,115,25.4094867037096,22.719641025216156,49.8,24,,FALSE,relaxed,49.8,observed,0.5051299617691285,0.17449956261859634,0.12677799621056754,0.2038524029399647,0.5328562431588393,0.22772498264119984,0.23941877419996097,0.3454547855515091,0.2509809470943873,0.40356426735410356,0.7412310676509871,1.0803343500262717,-0.033760746193083224,-1.0112535820643611,FALSE,2010-05-11,1,0.6543229158444842,11.874772299677405,596.5649803670537,0.1505565044630608,0.3580380416771515,0.40895817768902676,0.22499366356787676,1.1422199042686945,24.10681783670294,2010-05-11,1,1.2967239098079704,0.04105434150786294,0.02403345639639923,1,1.2136788748482903,9.741070685205228,7.984174922987263,4.426430168633373
2010-06-01,06-2010,2010,6,relaxed,relaxed,112,28.59908099708076,24.136984192950642,64.3,24,,FALSE,relaxed,64.3,observed,0.33472843018643517,0.02456855274088232,0.09528450307404518,0.21487537437150767,0.15048484738914644,0.34331007597338536,0.5062050766374683,0.07339846432284902,0.28466211555730153,0.6419394201198495,0.2307995936565813,0.8339172608109033,-0.47090353604787843,-1.1569678453492926,FALSE,2010-06-08,1,1.319475546677064,6.136045142587072,776.0768369324694,0.15169276186283417,0.1688114581106221,0.16080882988644193,0.10608232643276645,0.9525942829133314,25.978912550637556,2010-06-08,1,1.436149116943137,0.03959955383092706,0.03320141391607623,1,0.49975012493753124,3.996336691366248,8.03369133849527,1.4637958013852905
2010-07-01,07-2010,2010,7,NA,NA,NA,NA,NA,NA,NA,,FALSE,NA,NA,no_prediction,NA,NA,NA,NA,NA,NA,NA,NA,NA,NA,NA,NA,NA,NA,NA,NA,NA,NA,NA,NA,NA,NA,NA,NA,NA,NA,NA,NA,NA,NA,NA,NA,0.24987506246876562,1.9565398384813923,7.920312630089086,NA
2010-08-01,08-2010,2010,8,relaxed,relaxed,123,27.10911796322929,23.984930435146634,NA,12,,FALSE,relaxed,52.52178677691581,isotherm_chl_model,0.39261202002389284,0.029914197377278906,0.09888175448740916,0.2638160681592048,0.15781887442144352,0.3068660400553681,0.5353150855231882,0.07619277009261827,0.2518561568272708,0.6719510730801109,0.20358224646608902,0.8105885847688847,-0.4727119442974716,-1.1575706480991572,FALSE,2010-08-04,1,0.5503817092354357,3.586818192658247,518.7863890992575,0.12414241542004317,0.19590420051723687,0.20805762465340025,0.12310759933843612,1.0620375882909874,25.351095556355144,2010-08-04,1,0.9926048303488573,0.04188223021695757,0.03340521892133914,1,0.10708931248661384,0.9158271584380985,9.037902755807178,0.3731362534479287
2010-09-01,09-2010,2010,9,relaxed,relaxed,120,29.502511703003872,25.30380431884396,55.5,19,,FALSE,relaxed,55.5,observed,0.4619011760864955,0.026206522264956747,0.0830277864064882,0.35266686741505054,0.1243857482310356,0.23181192277078774,0.6438023289981767,0.056736210301506836,0.17975227322421983,0.7635115164742734,0.0925652432808152,0.6772981752831635,-0.5644776342234564,-1.1881592114078188,FALSE,2010-09-15,1,0.07617826238468549,5.508273756991244,853.2526872296924,0.1932216523014078,0.2172149775329427,0.2552683141513718,0.1364994438803781,1.1751874435668597,27.10259446025445,2010-09-15,1,1.4004670276701507,0.03314877853361193,0.019445380421975397,1,0.21417862497322768,1.4153692448588795,6.413995504121222,0.7117792892012683
2010-10-01,10-2010,2010,10,relaxed,relaxed,129,29.634565960222165,26.871092250120896,NA,25,,FALSE,relaxed,52.797304173221356,isotherm_chl_model,0.34466731279593815,0.027416584955621527,0.05641317383042966,0.26083755400988695,0.17037089170100111,0.20621186569952213,0.623417242599477,0.0795450683536493,0.16367427874957594,0.7567806528967748,0.12210496491045628,0.7084942088488837,-0.4891783807135505,-1.1630594602378501,FALSE,2010-10-05,1,0.5943862405158045,6.393931280589497,504.7869560646585,0.12016209344616087,0.18510737710990863,0.15643011883598898,0.116322798366084,0.8450777126138396,29.101851185251437,2010-10-04,1,0.6072463460775219,0.029849892385276425,0.017494050555354815,1,0.07139287499107591,0.5358336055197266,7.505421312514811,0.24764330538161475
2010-11-01,11-2010,2010,11,relaxed,relaxed,145,29.680829179682828,26.865389655649118,50.9,27,,FALSE,relaxed,50.9,observed,0.39840595559668956,0.03628724712479535,0.11818480556753996,0.2439339029043542,0.18177392351798813,0.34824932449393037,0.4699767519880814,0.09108108605065458,0.2966441738817269,0.6122747400676185,0.27814689543661786,0.8790854281173752,-0.41375907105225807,-1.1379196903507527,FALSE,2010-11-09,1,0.25656238022146477,NA,402.32201426771917,0.09934067911681616,0.16501433751426212,0.16305987685003698,0.10369618871962806,0.9881558130422684,28.74124162756229,2010-11-09,1,0.4994567617925341,0.029428256327274444,0.014158163794322342,1,NA,NA,NA,NA
2010-12-01,12-2010,2010,12,relaxed,relaxed,106,27.973508066064333,25.057044010805743,NA,22,,FALSE,relaxed,49.5825525090966,isotherm_chl_model,0.5230139210150009,0.10863991475346821,0.14140319225234504,0.27297081400918766,0.36602876931353523,0.2802438547703123,0.3537273759161525,0.20771897341209053,0.27036219605383954,0.5219188305340698,0.48514069233160234,1.019450704837985,-0.20006339933790762,-1.0666877997793025,FALSE,2010-12-08,1,1.5320527452816775,NA,867.7587820643739,0.2199587520938412,0.35490989460735617,0.5096953761355538,0.22302791359864024,1.4361261375917398,26.887233974075368,2010-12-08,1,1.4622130145966261,0.02601645798312727,0.015283213674139475,1,NA,NA,NA,NA
2011-01-01,01-2011,2011,1,relaxed,relaxed,114,25.719845568749232,23.63392404977033,NA,14,leading,FALSE,relaxed,31.570407952782368,isotherm_chl_model,1.7878320033147763,1.4789839800472702,0.13658346047954265,0.17226456278796348,0.9098176889326355,0.04942425103448293,0.04075806003288163,0.8272499750005154,0.0763961380187325,0.09635388698075202,1.5302366374733452,0.5788058013361024,0.4668837618152514,-0.8443720793949162,FALSE,2011-01-11,1,4.711355918199858,NA,NA,NA,2.952128592189337,1.9850651187244088,1.8551387002588013,0.6724182422054517,24.905264956028542,2011-01-11,1,NA,0.04249972821390979,0.01601628831319812,1,NA,NA,NA,NA
2011-02-01,02-2011,2011,2,upwelling,weak,55,24.07148725344316,21.49982198516846,NA,38,leading,FALSE,upwelling,24.543292051524553,isotherm_chl_model,1.5209103129532828,1.33916444622896,0.10727641779696873,0.07446944892735408,0.9358828643439824,0.04410044041096651,0.020016695245051383,0.880501917058205,0.07053434833291441,0.048963734608880594,1.630878731902906,0.4467959515823069,0.6274278852695542,-0.7908573715768151,FALSE,2011-02-08,1,1.4947284,NA,1591.3950415404786,0.8149224745442113,2.5787171800310276,1.297133880299173,1.6204843008379979,0.5030151776022083,23.952628072046416,2011-02-08,1,3.6899250119603715,0.13003201734403722,0.03092391560492043,1,NA,NA,NA,NA
2011-03-01,03-2011,2011,3,upwelling,weak,59,25.405488994571154,21.41696597613142,NA,24,both,FALSE,upwelling,47.9289703788349,isotherm_chl_model,0.3912468757175235,0.050458455078661126,0.10849017889688634,0.23229824174197605,0.2478049186538183,0.3134133395643214,0.4387817417818604,0.12896832718759307,0.2772934063637487,0.5937382664486582,0.33457061019251655,0.9293555590127867,-0.3315559866801233,-1.1105186622267078,FALSE,2011-03-15,1,4.20355181633205,6.673301966975477,850.2629781286803,0.22295965315033742,0.3498648786952739,0.25790454927695106,0.2198575895529033,0.7371547273871447,23.879823682174386,2011-03-15,1,1.9309557851393184,0.07154993480275872,0.04307831524044428,1,NA,NA,NA,NA
2011-04-01,04-2011,2011,4,upwelling,moderate,33,23.94627561741587,20.687693159447218,50.87463,19,trailing,FALSE,upwelling,50.87463,observed,NA,NA,NA,NA,NA,NA,NA,NA,NA,NA,NA,NA,NA,NA,FALSE,2011-04-12,1,4.238236570112492,10.020270952325582,401.1763707891764,0.09910719657509864,0.18268538924088826,0.22670977843403944,0.11480080388411434,1.2409847299561587,22.162043962771186,2011-04-12,1,0.9827355900226413,0.07721565362198168,0.023266749406940755,1,NA,NA,NA,NA
2011-05-01,05-2011,2011,5,relaxed,relaxed,94,26.345456099638433,22.24074052387703,43.97694,16,trailing,TRUE,transition,43.97694,observed,0.7901904409656955,0.24725343944189423,0.1144055533533664,0.42853144817043487,0.5157876463373134,0.1403869630459459,0.34382539061674067,0.3129036073123394,0.1447822542798048,0.5423141384078559,0.5699300183580653,0.9751928150771355,-0.1194201784598683,-1.0398067261532895,FALSE,2011-05-10,1,1.6308037680697045,8.34874856629865,1014.7455444631721,0.29000351115227774,0.6342806945963102,0.5158111442242634,0.3985865204130584,0.81322220370045,24.578284126267658,2011-05-10,1,2.1862561084064214,0.08115249870391027,0.017700369189197682,1,NA,NA,NA,NA
2011-06-01,06-2011,2011,6,relaxed,relaxed,125,28.75924096021742,24.553832017425584,59.8,15,,FALSE,relaxed,59.8,observed,0.3121794758019141,0.021248266763062462,0.06439160778970772,0.22653960124914388,0.14528103686456476,0.25897972676964953,0.5957392363657857,0.06806426562310276,0.20626470598139465,0.7256710283955027,0.14173378668118186,0.7412103055115714,-0.5139103108155664,-1.171303436938522,FALSE,2011-06-09,1,NA,6.732780863199425,705.6650836292008,0.14830935803411985,0.19852482159425053,0.24294986086371934,0.12475441634754089,1.2237757420594273,26.23902032678287,2011-06-09,1,1.2622978265718547,0.0490569808178719,0.023845537523761645,1,NA,NA,NA,NA
2011-07-01,07-2011,2011,7,relaxed,relaxed,109,25.985522021006062,23.48350702576949,NA,13,,FALSE,relaxed,51.31398264246801,isotherm_chl_model,0.3499714791389007,0.03156268518685816,0.10760583184576342,0.2108029621062791,0.17939633361156407,0.35977129311116995,0.460832373277266,0.09018644966303441,0.30747028903762635,0.6023432612993392,0.2871837378172769,0.8849452947943699,-0.4123513827478333,-1.1374504609159446,FALSE,2011-07-07,1,1.7846083815852045,8.337046358487429,769.2957099128487,0.18842073673646603,0.29252797780728235,0.47974079788913543,0.1838266713633496,1.6399826146037526,24.437392520564337,2011-07-07,1,1.6532529683266861,0.10710521106624983,0.04488249728999419,1,NA,NA,NA,NA
2011-08-01,08-2011,2011,8,relaxed,relaxed,129,27.595926995622776,23.12968800299411,60.1,14,,FALSE,relaxed,60.1,observed,0.4252514994299233,0.025325747706160546,0.10118937092405897,0.29873638079970377,0.12678879983506777,0.2979919892635377,0.5752192109013945,0.05955475228214674,0.23795182629505074,0.7024934214228026,0.1564018803129259,0.7576838668781152,-0.5358629195303071,-1.178620973176769,FALSE,2011-08-09,1,0.10176269217919194,7.7023302554451245,NA,NA,0.21829057990027562,0.24629011320188005,0.13717536009317746,1.1282672542003223,24.457590673430854,2011-08-09,1,NA,0.09336270089390918,0.046796223273058615,1,NA,NA,NA,NA
2011-09-01,09-2011,2011,9,relaxed,relaxed,126,28.70080261713692,25.440591480412575,61,12,,FALSE,relaxed,61,observed,0.3920267060236169,0.022574254186929373,0.11326784319671686,0.25618460863997067,0.12024535392163369,0.3549053969480014,0.5248492491303649,0.05758346010633631,0.28892889554798157,0.6534876443456821,0.2034363652142359,0.8011142562012104,-0.5274698116150693,-1.1758232705383564,FALSE,2011-09-06,1,0.4135635135867459,6.11470152458028,631.1450320522149,0.13003804841510616,0.1945304109905689,0.21695867769586907,0.12224430018416658,1.115294398398138,26.54842182368918,2011-09-06,1,1.0825396250077608,0.05843331814682734,0.03545442948486324,1,NA,NA,NA,NA
2011-10-01,10-2011,2011,10,relaxed,relaxed,123,27.58247616279747,23.852197515013458,58.6,15,,FALSE,relaxed,58.6,observed,0.38624778530388576,0.023588267704225053,0.0945079723392575,0.2681515452604032,0.129380941063926,0.3049255261535968,0.5656935327824772,0.06107029891619098,0.24468223750435766,0.6942474635794513,0.16616338479032136,0.7685479603603349,-0.5278421280143064,-1.1759473760047687,FALSE,2011-10-04,1,0.9167556858544922,6.828099031087524,744.8352285625746,0.15974736500628478,0.1922956954754715,0.31538271981226634,0.12083998898746108,1.6400924577768061,25.54494002070809,2011-10-04,1,1.4374149155005151,0.05215829575982279,0.018203497085761865,1,NA,NA,NA,NA
2011-11-01,11-2011,2011,11,NA,NA,NA,NA,NA,57,NA,,FALSE,NA,NA,no_prediction,NA,NA,NA,NA,NA,NA,NA,NA,NA,NA,NA,NA,NA,NA,NA,NA,NA,NA,NA,NA,NA,NA,NA,NA,NA,NA,NA,NA,NA,0.038741250216014954,0.011601803528506122,1,NA,NA,NA,NA
2011-12-01,12-2011,2011,12,NA,NA,NA,NA,NA,NA,NA,,FALSE,NA,NA,no_prediction,NA,NA,NA,NA,NA,NA,NA,NA,NA,NA,NA,NA,NA,NA,NA,NA,NA,NA,NA,NA,NA,NA,NA,NA,NA,NA,NA,NA,NA,NA,NA,NA,NA,NA,NA,NA
2012-01-01,01-2012,2012,1,relaxed,relaxed,87,25.118276152883148,22.373060525682227,29.7,17,leading,TRUE,transition,29.7,observed,1.8233144724380854,1.6370522805213754,0.10102929039959604,0.08523290151711416,0.9466762019334856,0.034366657270485004,0.01895714079602944,0.8978441762338201,0.05540969038901035,0.04674613337716949,1.6504385923102323,0.400235358888888,0.6417276380594603,-0.7860907873135132,FALSE,2012-01-10,1,0.2987914576064897,21.345314934591695,2197.0563910407764,0.9297279017335317,3.0503900891304414,1.9655426426281528,1.9168869270139295,0.6443577985753487,24.433368907248596,2012-01-10,1,4.924833451765133,0.1374361616891584,0.050059114260129135,1,NA,NA,NA,NA
2012-02-01,02-2012,2012,2,upwelling,weak,53,22.666271056684813,21.055619239403455,40.2,42,leading,FALSE,upwelling,40.2,observed,NA,NA,NA,NA,NA,NA,NA,NA,NA,NA,NA,NA,NA,NA,FALSE,2012-02-07,1,0.37996260009597155,12.530561820375462,839.0097055606757,0.2623083053182317,0.6385962159330149,0.5292122964941784,0.40129842485539713,0.8287119204440915,22.365625840852424,2012-02-07,1,2.15209784650633,0.1591654753114543,0.05436073712158108,1,NA,NA,NA,NA
2012-03-01,03-2012,2012,3,upwelling,strong,27,21.832375220632866,19.933234652135525,12.4,32,both,FALSE,upwelling,12.4,observed,NA,NA,NA,NA,NA,NA,NA,NA,NA,NA,NA,NA,NA,NA,FALSE,2012-03-16,1,0.6301182246092862,24.80440679437492,3102.9601207980313,3.1450359847196028,4.72371141398604,2.1387353575053956,2.968414003416046,0.45276588048393346,21.784711677982823,2012-03-16,1,8.678883190796322,0.08983105273906965,0.09837035175089939,1,NA,NA,NA,NA
2012-04-01,04-2012,2012,4,upwelling,moderate,32,24.27871773542782,20.14094888918069,NA,11,trailing,FALSE,upwelling,43.84217516357103,isotherm_chl_model,0.5519314716846111,0.10724210357091511,0.12682108756722688,0.31786828054646915,0.35265433464812834,0.24531632724223698,0.4020293381096346,0.19430329501521199,0.2297768728065863,0.5759198321782019,0.417724012290592,0.9740394152675111,-0.2359409342654577,-1.078646978088486,FALSE,2012-04-10,1,2.9644996076977157,9.60073249745917,754.4222465819248,0.2162686172947171,0.4194839803128249,0.6110263824661241,0.26360673043710425,1.456614343199611,22.30043620921027,2012-04-10,1,1.9321595453284655,0.1681406375190486,0.14772042166119428,1,NA,NA,NA,NA
2012-05-01,05-2012,2012,5,relaxed,relaxed,118,27.0345596160507,24.690350431300274,NA,34,trailing,FALSE,relaxed,52.36602526185786,isotherm_chl_model,0.3551460042925425,0.024821392521109962,0.09823277120328935,0.23209184056814317,0.14441834234814133,0.3362046283588056,0.5193770292930531,0.06989067093843458,0.27659827230485357,0.6535110567567118,0.21572016363530444,0.8194486744057539,-0.4854168650814475,-1.1618056216938157,FALSE,2012-05-15,1,0.0064031169142684825,8.54408867707049,774.4304308963697,0.18586769327587024,0.2206326663841576,0.24077382897791466,0.13864714397383163,1.091288216399869,26.20235292154047,2012-05-15,1,1.399273929125123,NA,NA,NA,NA,NA,NA,NA
2012-06-01,06-2012,2012,6,NA,NA,NA,NA,NA,NA,NA,,FALSE,NA,NA,no_prediction,NA,NA,NA,NA,NA,NA,NA,NA,NA,NA,NA,NA,NA,NA,NA,NA,NA,NA,NA,NA,NA,NA,NA,NA,NA,NA,NA,NA,NA,NA,NA,NA,NA,NA,NA,NA
2012-07-01,07-2012,2012,7,relaxed,relaxed,89,26.396317520696392,22.814257541141416,NA,15,,FALSE,relaxed,46.85808878500211,isotherm_chl_model,0.39491024721226187,0.06125499624003759,0.10115619945912313,0.23249905151310113,0.2914387730089893,0.28310620945436604,0.4254550175366448,0.15511118456015502,0.2561498471442608,0.5887389682955843,0.36571276571815253,0.9498390877871172,-0.28963983398484416,-1.0965466113282814,FALSE,2012-07-26,1,0.4769853073891573,8.787183042199924,771.0243718506058,0.20680195748267047,0.2623286584303715,0.22478131913460406,0.1648492032930869,0.8568690911605701,24.476089420237333,2012-07-26,1,1.6514034530524104,0.032377798375567535,0.02266719871804943,1,NA,NA,NA,NA
2012-08-01,08-2012,2012,8,relaxed,relaxed,91,27.96599264079753,23.407919520429715,NA,15,,FALSE,relaxed,52.230814417311066,isotherm_chl_model,0.44276286008332333,0.06778331332302386,0.12920439523754818,0.24577515152275128,0.2844276243693996,0.3189167622695736,0.3966556133610267,0.15309168729795392,0.2918139864152862,0.5550943262867599,0.39733791046477573,0.9734574501397575,-0.2797075893539952,-1.0932358631179984,FALSE,2012-08-14,1,0.6039518270777805,8.503260586834797,1000.9797831536091,0.2408627377309388,0.2689018617140576,0.2580947635778641,0.16897985120202197,0.9598102517130005,25.67552391358108,2012-08-14,1,1.9385848197941777,0.04037636560727695,0.021161283835797216,1,NA,NA,NA,NA
2012-09-01,09-2012,2012,9,relaxed,relaxed,116,26.993047790596304,23.497967405865115,NA,14,,FALSE,relaxed,52.41941777499535,isotherm_chl_model,0.44102643859980944,0.05465384284228582,0.1133101016511289,0.2730624941063947,0.24147762267473302,0.29449362353385633,0.4640287537914107,0.12392418698480594,0.2569236030630519,0.6191522099521422,0.30411252648624554,0.9047415448875382,-0.3493206745190143,-1.1164402248396714,FALSE,2012-09-11,1,0.6134980813895641,NA,961.2586687197813,0.23047253908817666,0.2955590297982687,0.32455940958128615,0.18573140609131933,1.0981204323305953,25.175482414660078,2012-09-10,1,1.9524780008379607,NA,NA,NA,NA,NA,NA,NA
2012-10-01,10-2012,2012,10,relaxed,relaxed,123,27.905696111722214,24.584837022132795,NA,15,,FALSE,relaxed,54.137350793311064,isotherm_chl_model,0.4561546401021653,0.04915029085572099,0.16281809628810667,0.24418625295833762,0.20578456190378458,0.4009963777165017,0.3932190603797137,0.10774918533046768,0.3569361834215699,0.5353146312479625,0.3717751035360869,0.9422931798551899,-0.34809755923600516,-1.1160325197453351,FALSE,2012-10-10,1,0.6672586338715201,NA,869.380837189066,0.20182928118966476,0.3342982734400175,0.3000214823006066,0.21007542358727319,0.8974664428066179,25.950469421153073,2012-10-10,1,1.624507135094261,0.04665767206573138,0.0232699668515231,1,NA,NA,NA,NA
2012-11-01,11-2012,2012,11,relaxed,relaxed,117,28.458877825379084,25.324873955930332,NA,19.5,,FALSE,relaxed,56.34542597998554,isotherm_chl_model,0.25753864694077694,0.015511260050860207,0.07103579056943495,0.1709915963204818,0.12604322833043108,0.33954765540031157,0.5344091162692575,0.06022886364867461,0.27582575047763674,0.6639453858736886,0.19562402722856767,0.7964013293944878,-0.5211638438887876,-1.1737212812962625,FALSE,2012-11-08,1,0.0011243059678649587,NA,407.59477635089604,0.0909161534461291,0.14467803964798204,0.19356250729391963,0.09091671383782825,1.3378845038602887,27.071477833477623,2012-11-08,1,0.6319984755123169,0.03669887672222833,0.020334802758707367,1,NA,NA,NA,NA
2012-12-01,12-2012,2012,12,relaxed,relaxed,116,26.70763510745536,25.01929723223142,NA,23,,FALSE,relaxed,NA,no_prediction,NA,NA,NA,NA,NA,NA,NA,NA,NA,NA,NA,NA,NA,NA,NA,NA,NA,NA,NA,NA,NA,NA,NA,NA,NA,NA,NA,NA,NA,0.048027800732094325,0.017371134117794923,1,NA,NA,NA,NA
2013-01-01,01-2013,2013,1,NA,NA,NA,NA,NA,NA,NA,,FALSE,NA,NA,no_prediction,NA,NA,NA,NA,NA,NA,NA,NA,NA,NA,NA,NA,NA,NA,NA,NA,NA,NA,NA,NA,NA,NA,NA,NA,NA,NA,NA,NA,NA,NA,NA,NA,NA,NA,NA,NA
2013-02-01,02-2013,2013,2,NA,NA,NA,NA,NA,NA,NA,leading,FALSE,NA,NA,no_prediction,NA,NA,NA,NA,NA,NA,NA,NA,NA,NA,NA,NA,NA,NA,NA,NA,NA,NA,NA,NA,NA,NA,NA,NA,NA,NA,NA,NA,NA,NA,NA,NA,NA,NA,NA,NA
2013-03-01,03-2013,2013,3,upwelling,moderate,47,24.35180786496039,20.88033202105295,NA,17,leading,FALSE,upwelling,47.241810921148364,isotherm_chl_model,0.5486370971575651,0.13580795948048136,0.1493604762494927,0.2634686614275911,0.4178691483192625,0.27033473564951405,0.3117961160312234,0.247536960559337,0.27223911219878244,0.48022392724188057,0.5666535827710382,1.0520589086055787,-0.14390187050385672,-1.0479672901679522,FALSE,2013-03-05,1,2.701911069401123,7.549310473312303,526.0502710647555,0.13994965159670994,0.40916190852026924,0.4401815467151334,0.2571202667715704,1.0758126246576727,22.623033502042354,2013-03-05,1,1.2787355705683103,NA,0.06605162364696086,1,NA,NA,NA,NA
2013-04-01,04-2013,2013,4,upwelling,weak,74,24.076249350371793,21.902562437211174,NA,27,both,FALSE,upwelling,42.23097032945308,isotherm_chl_model,0.6027104918869131,0.24571668666712007,0.14310052711221907,0.21389327810757397,0.5961680402046522,0.20423320464744898,0.1995987551478988,0.40768609469175127,0.237428299388339,0.35488560591990964,0.8521410382254233,1.0748424144950515,0.03011875701111033,-0.9899604143296298,FALSE,2013-04-09,1,0.29393329204846613,15.114551759410952,954.3618460451661,0.2840227436316493,0.5283436152222469,0.7491481634005599,0.332014902815105,1.4179184565056813,23.472748950300158,2013-04-09,1,2.2574256368845753,0.08971291219581166,0.050577223383029876,1,NA,NA,NA,NA
2013-05-01,05-2013,2013,5,upwelling,weak,72,25.080277943953053,21.66989344641317,NA,19,trailing,FALSE,upwelling,45.74839315906936,isotherm_chl_model,0.5839589028270524,0.07417646664742304,0.18177235115781257,0.32801008502181683,0.24141340535478084,0.3479959129556679,0.41059068168955126,0.12702343656089687,0.31127593102497314,0.56170063241413,0.36466335360034857,0.9493618077880717,-0.3228105273223587,-1.107603509107453,FALSE,2013-05-09,1,1.7563221539961613,6.8491252481557385,736.0211096500647,0.20220204130833666,0.2969313260719543,0.37865487219169525,0.18659376687474546,1.2752270944290234,23.579658765987613,2013-05-09,1,1.6995790988153363,0.09085208866824815,0.058279484077733965,1,NA,NA,NA,NA
2013-06-01,06-2013,2013,6,relaxed,relaxed,111,25.88782063786264,22.720197119800776,NA,19,trailing,FALSE,relaxed,50.40721056596237,isotherm_chl_model,0.5879843275953591,0.04669736583385012,0.2138114800243546,0.3274754817371544,0.15648153552559022,0.42145655654895336,0.42206190792545645,0.07941940565801349,0.36363465825486435,0.5569459360871222,0.32181401902447304,0.8949984827652053,-0.42294320334083435,-1.140981067780278,FALSE,2013-06-11,1,0.5169684598491192,7.470733085176804,527.4698889353767,0.1315152507952877,0.2522992157623485,0.31525501544877066,0.1585466298602413,1.2495283209509576,24.30313184132871,2013-06-11,1,1.1151247022852533,0.08509386831728277,0.029323840196063034,1,NA,NA,NA,NA
2013-07-01,07-2013,2013,7,relaxed,relaxed,110,27.373954168248822,22.798546277666,NA,16,,FALSE,relaxed,54.11384437104861,isotherm_chl_model,0.4680784744655095,0.0594476004232446,0.12760767277420088,0.281023201268064,0.24504694351388037,0.309416042913597,0.4455370135725228,0.1270034912225493,0.27262025437062415,0.6003762544068266,0.32596778626930445,0.9227059308423078,-0.3373039237635954,-1.1124346412545318,FALSE,2013-07-11,1,0.6546724763647523,8.430074859604908,912.1263983077707,0.21184477003691252,0.269352389714976,0.2666523120294146,0.1692629662168168,0.9899756683487435,24.84962796382942,2013-07-11,1,1.9059323453839603,NA,NA,1,NA,NA,NA,NA
2013-08-01,08-2013,2013,8,relaxed,relaxed,101,25.994795387566445,22.085073109098026,NA,19,,FALSE,relaxed,53.078618859900246,isotherm_chl_model,0.31216762587725433,0.03660496087473786,0.10576630060186602,0.16979636440065046,0.22302864260811264,0.37906971355502767,0.39790164383685983,0.11726059283652648,0.3388125219732227,0.5439268851902508,0.37267425709985735,0.949249960228947,-0.33319422005312116,-1.1110647400177072,FALSE,2013-08-13,1,0.5136148813802679,8.834200100175675,797.9591970651139,0.18894359786155737,0.1967340274975497,0.15838918162440466,0.12362906854196956,0.8050929655591856,25.313757263181177,2013-08-13,1,1.5825464444334076,0.03649582580553941,0.022117769783042432,1,NA,NA,NA,NA
2013-09-01,09-2013,2013,9,relaxed,relaxed,126,29.176286655813712,25.310132726398674,NA,18,,FALSE,relaxed,54.57743949084526,isotherm_chl_model,0.33197281052888605,0.012454345309526361,0.0950688255537323,0.22444963966562742,0.08050436870992297,0.36148289636534775,0.5580127349247292,0.037516160705102886,0.2863753371918392,0.676108502103058,0.16074820805562667,0.7458935616835161,-0.6278990048514772,-1.209299668283826,FALSE,2013-09-11,1,0,5.969053683859585,669.3523698585051,0.15413907858580253,0.12508203099455278,0.12740526526519605,0.07860244198674236,1.0185736852221758,27.717267234321337,2013-09-11,1,1.0024456691710697,0.048254328939720044,0.03307603412250797,1,NA,NA,NA,NA
2013-10-01,10-2013,2013,10,relaxed,relaxed,120,28.571815915656714,23.270654060422242,NA,15,,FALSE,relaxed,53.10614505980809,isotherm_chl_model,0.5441622821382099,0.04460824146536497,0.21864855808741573,0.2809054825854292,0.15859827789000136,0.45727879286901874,0.3841229292409799,0.081975989386995185,0.4018076321428723,0.5162163784701325,0.36510016037044435,0.9127471848249333,-0.39957255635643224,-1.1331908521188108,FALSE,2013-10-08,1,0.813667324341788,5.511618030460461,966.2439833162298,0.2286720763613926,0.2725357345670231,0.3563004695874737,0.17126340286680794,1.3073532179313196,25.435981352071526,2013-10-08,1,1.9135747229506823,0.024962292429264923,0.010863500542001163,1,NA,NA,NA,NA
2013-11-01,11-2013,2013,11,relaxed,relaxed,113,27.090125646860816,24.25004080501911,NA,20,,FALSE,relaxed,50.218082055084075,isotherm_chl_model,0.5375571459670629,0.06406615301651698,0.1428223296716167,0.33066866327892924,0.23274816293728717,0.30521425021894544,0.46203758684376744,0.11918017181459337,0.265687714772501,0.6151321134129056,0.30338860785526944,0.9045657341950424,-0.3563821965429651,-1.1187940655143216,FALSE,2013-11-13,1,0.2980982963402778,9.15497503234831,675.1409499602786,0.16896837930388808,0.2440098784405465,0.32074953692517233,0.15333755105999497,1.3144940646463361,25.700725852589315,2013-11-13,1,1.2739845308502424,0.049296328531255394,0.0222307322514257,1,NA,NA,NA,NA
2013-12-01,12-2013,2013,12,relaxed,relaxed,110,26.402842113974724,23.21241113906829,NA,18,leading,FALSE,relaxed,53.75950372759261,isotherm_chl_model,0.45613387403515826,0.03401146200300187,0.09909982071743853,0.32302259131471783,0.15706422509166945,0.269200537477182,0.5737352374311486,0.07456464853645205,0.2172603841954523,0.7081749672680956,0.16573023072193807,0.7696246542556464,-0.48880379800873097,-1.1629345993362437,FALSE,2013-12-04,1,0.8583564552148251,8.114467823109788,598.6586345214295,0.13995715631938707,0.1660939033743356,0.2947175649527459,0.10437459561958468,1.7744032680629078,24.800609256807363,2013-12-04,1,1.2223530888126197,0.02203446813190266,0.011639256594347478,1,NA,NA,NA,NA
2014-01-01,01-2014,2014,1,upwelling,moderate,50,23.040006663912468,20.963126796753237,NA,24,leading,FALSE,upwelling,36.76548645097402,isotherm_chl_model,NA,NA,NA,NA,NA,NA,NA,NA,NA,NA,NA,NA,NA,NA,FALSE,2014-01-14,1,3.4247062753962414,8.759767518710834,1345.6848672947888,0.46001729727666224,0.5591051108031359,0.5474177500239531,0.35134564642869043,0.979096308451922,22.54772808597336,2014-01-14,1,3.4799266485799665,0.07867707727836866,0.02317374514948235,1,NA,NA,NA,NA
2014-02-01,02-2014,2014,2,upwelling,moderate,25,21.910412086996434,20.687,NA,48,trailing,FALSE,upwelling,24.4085908353523,isotherm_chl_model,NA,NA,NA,NA,NA,NA,NA,NA,NA,NA,NA,NA,NA,NA,FALSE,2014-02-04,1,2.098326386480738,12.835540292669803,2356.221676460279,1.2132339360792845,2.2658876551117784,1.690527718427898,1.423899992215153,0.7460774653209815,21.4944368984344,2014-02-04,1,6.69501555775845,0.0249167957519677,0.013158745070931458,1,NA,NA,NA,NA
2014-03-01,03-2014,2014,3,NA,NA,NA,NA,NA,NA,NA,both,FALSE,NA,NA,no_prediction,NA,NA,NA,NA,NA,NA,NA,NA,NA,NA,NA,NA,NA,NA,NA,NA,NA,NA,NA,NA,NA,NA,NA,NA,NA,NA,NA,NA,NA,NA,NA,NA,NA,NA,NA,NA
2014-04-01,04-2014,2014,4,upwelling,moderate,42,22.763081964137942,20.882243682891122,NA,27,leading,FALSE,upwelling,32.10764791997151,isotherm_chl_model,1.277289737674566,0.8782376235733073,0.2622502410979807,0.13680187300327806,0.8093471467281256,0.1421640464709853,0.0484888068008889,0.687579018032531,0.20531773908669582,0.10710324288077316,1.3798163246053394,0.8218752453845901,0.40375999738718515,-0.8654133342042716,FALSE,2014-04-01,1,1.6381729423043556,12.671505985053981,729.8592547988127,0.2856944063266668,1.4220103311876264,1.1831863381073557,0.8936014523668178,0.8320518579630775,22.135625716372733,2014-04-01,1,1.8885197351903595,0.04721122335160951,0.0375179677312931,1,NA,NA,NA,NA
2014-05-01,05-2014,2014,5,upwelling,strong,22,22.82670293811185,19.88112656784446,NA,19,trailing,FALSE,upwelling,16.51776406718196,isotherm_chl_model,NA,NA,NA,NA,NA,NA,NA,NA,NA,NA,NA,NA,NA,NA,FALSE,2014-05-06,1,0.02287484636107221,17.17752578539755,1598.4510392333605,1.2162397402992908,5.1594030426923725,2.3027610745950757,3.242205735907104,0.4463231609433264,22.614840190403985,2014-05-06,1,4.136353949885974,0.06944653040705073,0.03810334155499348,1,NA,NA,NA,NA
2014-06-01,06-2014,2014,6,relaxed,relaxed,115,24.566915329107594,22.548770484804173,NA,31,trailing,FALSE,relaxed,53.69549211075728,isotherm_chl_model,0.8137348191806952,0.4245880438788466,0.14204497668967975,0.2471017986121688,0.703912407244135,0.1385248913208574,0.15756270143500758,0.5217769153670245,0.17455929541358087,0.30366378921939463,1.0174536756012118,1.006032303089096,0.11754592699223143,-0.9608180243359229,FALSE,2014-06-13,1,1.810056868030945,11.35707402527108,1817.7811923977192,0.4254758246645946,0.339208828205149,0.44121849997017726,0.21316125128754282,1.300728233710162,23.60029074529452,2014-06-13,1,4.360566429107043,0.13819980205174934,0.10263748762823434,1,NA,NA,NA,NA
2014-07-01,07-2014,2014,7,NA,NA,NA,NA,NA,NA,NA,,FALSE,NA,NA,no_prediction,NA,NA,NA,NA,NA,NA,NA,NA,NA,NA,NA,NA,NA,NA,NA,NA,NA,NA,NA,NA,NA,NA,NA,NA,NA,NA,NA,NA,NA,NA,NA,NA,NA,NA,NA,NA
2014-08-01,08-2014,2014,8,NA,NA,NA,NA,NA,NA,NA,,FALSE,NA,NA,no_prediction,NA,NA,NA,NA,NA,NA,NA,NA,NA,NA,NA,NA,NA,NA,NA,NA,NA,NA,NA,NA,NA,NA,NA,NA,NA,NA,NA,NA,NA,NA,NA,NA,NA,NA,NA,NA
2014-09-01,09-2014,2014,9,relaxed,relaxed,119,27.12800124515757,24.307513784126954,NA,23,,FALSE,relaxed,39.14304482390451,isotherm_chl_model,0.29587059265945787,0.015310570452982293,0.04678246243062932,0.23377755977584624,0.11533897974423239,0.20730934968567766,0.67735167057009,0.05174752352155696,0.15811798668506122,0.7901344897933819,0.060953583181756865,0.6309968510343313,-0.5919057243890472,-1.1973019081296823,FALSE,2014-09-03,1,0.2164283491193647,7.186541119088355,511.1534927383485,0.16412239184153596,0.6243724725515111,0.5395257586255098,0.3923601228859668,0.8641088170026564,26.118491508210873,2014-09-03,1,0.9028066032603719,0.08416784754842663,0.10475094653826214,1,NA,NA,NA,NA
2014-10-01,10-2014,2014,10,relaxed,relaxed,115,26.778500297857494,24.109349104293585,NA,18,,FALSE,relaxed,55.04043672259772,isotherm_chl_model,0.3235478801166849,0.04487796126562082,0.059389387812977416,0.21928053103808667,0.2733934479611847,0.2128212109751087,0.5137853410637065,0.1387057805770075,0.18355672054336783,0.6777374988796246,0.26030883115096454,0.8488072402671324,-0.3444834774437536,-1.1148278258145845,FALSE,2014-10-07,1,NA,5.409206493474808,777.8993483167707,0.17762849921720594,0.18639332436178344,0.31148230444268427,0.11713089680724141,1.6711022538452458,25.406526308212054,2014-10-07,1,1.5263134015251494,0.03642765619845098,0.017280492671201672,1,NA,NA,NA,NA
2014-11-01,11-2014,2014,11,relaxed,relaxed,126,27.116887548397703,24.66136942597847,NA,19,,FALSE,relaxed,54.467748237096835,isotherm_chl_model,0.489366446667415,0.030873984381021517,0.10951001824791916,0.34898244403847434,0.1345179867051414,0.28066781169609784,0.5848142015987609,0.06308970423140638,0.22377917201655784,0.7131311237520358,0.1492991299329523,0.7504506091880717,-0.526605449856322,-1.1755351499521074,FALSE,2014-11-12,1,1.1967542550938866,5.800179091479569,1213.932744115022,0.2801085172890315,0.25603073486746675,0.44502579933283193,0.16089154312756146,1.738173346896019,25.75396502683829,2014-11-12,1,2.352499364530718,0.025430380343424503,0.01505628328594096,1,NA,NA,NA,NA
2014-12-01,12-2014,2014,12,relaxed,relaxed,121,25.99319247554343,23.703393503048638,NA,18,,FALSE,relaxed,NA,no_prediction,NA,NA,NA,NA,NA,NA,NA,NA,NA,NA,NA,NA,NA,NA,NA,NA,NA,NA,NA,NA,NA,NA,NA,NA,NA,NA,NA,NA,NA,0.05860374216454841,0.02257645672631298,1,NA,NA,NA,NA
2015-01-01,01-2015,2015,1,NA,NA,NA,NA,NA,NA,NA,leading,FALSE,NA,NA,no_prediction,NA,NA,NA,NA,NA,NA,NA,NA,NA,NA,NA,NA,NA,NA,NA,NA,NA,NA,NA,NA,NA,NA,NA,NA,NA,NA,NA,NA,NA,NA,NA,NA,NA,NA,NA,NA
2015-02-01,02-2015,2015,2,upwelling,weak,67,25.773206861843445,21.363677001082298,NA,15,leading,FALSE,upwelling,NA,no_prediction,NA,NA,NA,NA,NA,NA,NA,NA,NA,NA,NA,NA,NA,NA,NA,NA,NA,NA,NA,NA,NA,NA,NA,NA,NA,NA,NA,NA,NA,NA,NA,NA,NA,NA,NA,NA
2015-03-01,03-2015,2015,3,upwelling,weak,87,23.56655411639395,21.779774534421712,NA,35,both,FALSE,upwelling,40.05724757706351,isotherm_chl_model,0.5348658709759596,0.3759410905916657,0.06853467356825552,0.0903901068160384,0.833533395246448,0.0893849979676787,0.0770816067858731,0.7028698426872761,0.1281343179425556,0.16899583937016824,1.3332145527706896,0.8115494014096625,0.3094994486761644,-0.8968335171079452,FALSE,2015-03-10,1,0.953312886272132,9.853643017680874,349.4976209019752,0.10965646189694683,0.5907323818008455,0.9760891470737602,0.37122044950016214,1.6523372971330197,23.210002657182606,2015-03-10,1,0.7757644002722588,0.08259934331453349,0.041204204043799986,1,NA,NA,NA,NA
2015-04-01,04-2015,2015,4,upwelling,moderate,47,23.171638226127467,20.952418803512465,NA,21,trailing,FALSE,upwelling,NA,no_prediction,NA,NA,NA,NA,NA,NA,NA,NA,NA,NA,NA,NA,NA,NA,NA,NA,NA,NA,NA,NA,NA,NA,NA,NA,NA,NA,NA,NA,NA,0.03058211239061788,0.03367151273309978,1,NA,NA,NA,NA
2015-05-01,05-2015,2015,5,NA,NA,NA,NA,NA,NA,NA,trailing,FALSE,NA,NA,no_prediction,NA,NA,NA,NA,NA,NA,NA,NA,NA,NA,NA,NA,NA,NA,NA,NA,NA,NA,NA,NA,NA,NA,NA,NA,NA,NA,NA,NA,NA,NA,NA,NA,NA,NA,NA,NA
2015-06-01,06-2015,2015,6,NA,NA,NA,NA,NA,NA,NA,leading,FALSE,NA,NA,no_prediction,NA,NA,NA,NA,NA,NA,NA,NA,NA,NA,NA,NA,NA,NA,NA,NA,NA,NA,NA,NA,NA,NA,NA,NA,NA,NA,NA,NA,NA,NA,NA,NA,NA,NA,NA,NA
2015-07-01,07-2015,2015,7,upwelling,weak,62,25.070177496461994,21.06706474762997,NA,20,leading,FALSE,upwelling,48.223741752259436,isotherm_chl_model,0.45101727580152035,0.04926990803610481,0.1773854893780684,0.22436187838734714,0.20537057047069116,0.4349362712560306,0.3596931582732782,0.10924173125862048,0.39330087536631436,0.49745739337506506,0.4111248873371371,0.9562501604560534,-0.3291836578363936,-1.1097278859454645,FALSE,2015-07-29,1,1.439227993248834,6.919729510791386,1074.2620282953358,0.27997575867898766,0.26338555684687037,0.22889648040832855,0.1655133658095426,0.8690547923301907,23.542021324031136,2015-07-29,1,2.5409695732974544,0.049323525992490534,0.04077522819034452,1,NA,NA,NA,NA
2015-08-01,08-2015,2015,8,upwelling,weak,58,24.592583293426937,21.29183160144625,NA,22,trailing,FALSE,upwelling,42.79364337467755,isotherm_chl_model,0.6166876167750096,0.12486714323435612,0.13409260109436533,0.3577278724462882,0.3658222940886613,0.23108826230183305,0.40308944360950566,0.20248038040289085,0.21744007411014263,0.5800795454869665,0.42174138436950603,0.9710664647151972,-0.228552301883858,-1.0761841006279527,FALSE,2015-08-17,1,2.8555677819710628,11.608718858643103,1063.562344209247,0.31235955788615094,0.3823981274294063,0.3830552033283505,0.24030171550714421,1.001718303129153,23.055296691468506,2015-08-18,1,2.616873344063808,0.08199858608392377,0.06389643850250579,1,NA,NA,NA,NA
2015-09-01,09-2015,2015,9,relaxed,relaxed,121,26.469996289130055,22.875340172663037,NA,26,trailing,FALSE,relaxed,47.62766809882956,isotherm_chl_model,0.7099851081020374,0.06145921404474443,0.24415882283093163,0.40436707122636134,0.17043226998172759,0.3982798430578767,0.43128788696039577,0.08656408894130163,0.34389287894168297,0.5695430321170154,0.3163616062778679,0.8994986695230252,-0.4090943902084113,-1.136364796736137,FALSE,2015-09-10,1,0.4730676916104984,10.663628215197006,1785.8218945338824,0.47124844990296244,0.3901386730928319,0.3905358819515341,0.24516592970815637,1.001018122237289,24.96946485005818,2015-09-10,1,3.788997058565101,0.060644305845757474,0.03250347980456538,1,NA,NA,NA,NA
2015-10-01,10-2015,2015,10,NA,NA,NA,NA,NA,NA,NA,,FALSE,NA,NA,no_prediction,NA,NA,NA,NA,NA,NA,NA,NA,NA,NA,NA,NA,NA,NA,NA,NA,NA,NA,NA,NA,NA,NA,NA,NA,NA,NA,NA,NA,NA,NA,NA,NA,NA,NA,NA,NA
2015-11-01,11-2015,2015,11,relaxed,relaxed,116,25.628370476783655,23.890640266713092,NA,24,,FALSE,relaxed,47.21900955464185,isotherm_chl_model,0.5539923504558231,0.14988877007034812,0.13745582057785605,0.2666477598076189,0.44970862894691244,0.2425919236598636,0.30769944739322397,0.27056108256191647,0.24811862558166714,0.4813202918564164,0.5885813401590818,1.051484855895614,-0.12508442171302614,-1.0416948072376755,FALSE,2015-11-16,1,1.5596455032797345,7.508163817617376,638.3265155961107,0.16990146427044134,0.39018069619483,0.44268616190498244,0.24519233732570656,1.1345670511693762,24.766026998330886,2015-11-16,1,1.3140531162399656,0.03201648940348452,0.02323256405825334,1,NA,NA,NA,NA
2015-12-01,12-2015,2015,12,relaxed,relaxed,119,25.442181503255213,23.184,NA,17,leading,FALSE,relaxed,42.51389718228037,isotherm_chl_model,0.5503001407121386,0.07952840790232275,0.10521721692531127,0.36555451588450455,0.28199685189750856,0.21946226675450464,0.4985408813479868,0.14451824017236437,0.1911996911161073,0.6642820687115283,0.27957672091441776,0.8676001448332106,-0.33121493252043144,-1.1104049775068106,FALSE,2015-12-09,1,4.586421186985364,7.65345436720487,1111.1568363111182,0.3284850091007776,0.3424156663136351,0.3986777289837888,0.2151764512677392,1.1643092539423139,24.16081008295118,2015-12-09,1,2.496005173311998,0.028798743185710022,0.01602880618352631,1,NA,NA,NA,NA
2016-01-01,01-2016,2016,1,upwelling,weak,56,24.0195149930193,21.36034878519656,NA,26,leading,FALSE,upwelling,NA,no_prediction,NA,NA,NA,NA,NA,NA,NA,NA,NA,NA,NA,NA,NA,NA,NA,NA,NA,NA,NA,NA,NA,NA,NA,NA,NA,NA,NA,NA,NA,0.03607896564183935,0.019398727475531397,1,NA,NA,NA,NA
2016-02-01,02-2016,2016,2,upwelling,weak,76,24.01812036827069,21.25964741578496,NA,22,trailing,FALSE,upwelling,41.162180641572526,isotherm_chl_model,0.6285424651050804,0.3483180287184579,0.10973498322377113,0.1704894531628513,0.7280273055886167,0.13491737870762746,0.13705531570375598,0.554167853496145,0.17458642703707464,0.27124571946678055,1.0822626834829463,0.985732778769857,0.1551392180289144,-0.9482869273236951,FALSE,2016-02-04,1,1.5938601152575402,18.422510777115065,1883.2391269350724,0.5750137163015393,0.7321462700407797,0.7707675146266714,0.4600859472708464,1.0527507223163761,22.872794734316848,2016-02-04,1,4.798457910846469,0.06845917710084364,0.025955427081205913,1,NA,NA,NA,NA
2016-03-01,03-2016,2016,3,NA,NA,NA,NA,NA,NA,NA,trailing,FALSE,NA,NA,no_prediction,NA,NA,NA,NA,NA,NA,NA,NA,NA,NA,NA,NA,NA,NA,NA,NA,NA,NA,NA,NA,NA,NA,NA,NA,NA,NA,NA,NA,NA,NA,NA,NA,NA,NA,NA,NA
2016-04-01,04-2016,2016,4,NA,NA,NA,NA,NA,NA,NA,,FALSE,NA,NA,no_prediction,NA,NA,NA,NA,NA,NA,NA,NA,NA,NA,NA,NA,NA,NA,NA,NA,NA,NA,NA,NA,NA,NA,NA,NA,NA,NA,NA,NA,NA,NA,NA,NA,NA,NA,NA,NA
2016-05-01,05-2016,2016,5,relaxed,relaxed,142,26.22893230285069,23.74222739030675,NA,33,,FALSE,relaxed,52.261611081756456,isotherm_chl_model,0.8280161499682148,0.08868811283965802,0.23433699381347536,0.5049910433150814,0.2107803960953046,0.32760968743875835,0.461609916465937,0.10710915824898165,0.28301017295673636,0.609880668794282,0.29656903890828135,0.8980889073625911,-0.3777091307944539,-1.1259030435981512,FALSE,2016-05-10,1,0.9202401276857973,8.649617672373891,575.3167190466139,0.13835514420521294,0.21760611499835933,0.24920073846970128,0.1367452374583189,1.145191799741382,25.2573712677058,2016-05-11,1,1.1209154317792662,0.023803710744191162,0.018833663770757073,1,NA,NA,NA,NA
2016-06-01,06-2016,2016,6,NA,NA,NA,26.897528903585428,NA,NA,20,,FALSE,NA,NA,no_prediction,NA,NA,NA,NA,NA,NA,NA,NA,NA,NA,NA,NA,NA,NA,NA,NA,NA,NA,NA,NA,NA,NA,NA,NA,NA,NA,NA,NA,NA,0.015128424426185727,0.005227593357736478,1,NA,NA,NA,NA
2016-07-01,07-2016,2016,7,NA,NA,NA,NA,NA,NA,NA,,FALSE,NA,NA,no_prediction,NA,NA,NA,NA,NA,NA,NA,NA,NA,NA,NA,NA,NA,NA,NA,NA,NA,NA,NA,NA,NA,NA,NA,NA,NA,NA,NA,NA,NA,NA,NA,NA,NA,NA,NA,NA
2016-08-01,08-2016,2016,8,NA,NA,NA,NA,NA,NA,NA,,FALSE,NA,NA,no_prediction,NA,NA,NA,NA,NA,NA,NA,NA,NA,NA,NA,NA,NA,NA,NA,NA,NA,NA,NA,NA,NA,NA,NA,NA,NA,NA,NA,NA,NA,NA,NA,NA,NA,NA,NA,NA
2016-09-01,09-2016,2016,9,NA,NA,NA,NA,NA,NA,NA,,FALSE,NA,NA,no_prediction,NA,NA,NA,NA,NA,NA,NA,NA,NA,NA,NA,NA,NA,NA,NA,NA,NA,NA,NA,NA,NA,NA,NA,NA,NA,NA,NA,NA,NA,0.0464001759540006,0.03977304447551569,1,NA,NA,NA,NA
2016-10-01,10-2016,2016,10,NA,NA,NA,NA,NA,NA,NA,,FALSE,NA,NA,no_prediction,NA,NA,NA,NA,NA,NA,NA,NA,NA,NA,NA,NA,NA,NA,NA,NA,NA,NA,NA,NA,NA,NA,NA,NA,NA,NA,NA,NA,NA,NA,NA,NA,NA,NA,NA,NA
2016-11-01,11-2016,2016,11,NA,NA,NA,NA,NA,NA,NA,,FALSE,NA,NA,no_prediction,NA,NA,NA,NA,NA,NA,NA,NA,NA,NA,NA,NA,NA,NA,NA,NA,NA,NA,NA,NA,NA,NA,NA,NA,NA,NA,NA,NA,NA,NA,NA,NA,NA,NA,NA,NA
2016-12-01,12-2016,2016,12,relaxed,relaxed,109,26.58658136209427,25.53485906375731,NA,38,,FALSE,relaxed,47.22401239680135,isotherm_chl_model,0.46656295494048894,0.23504755726635687,0.08502525498654827,0.14649014268758379,0.6884717906347811,0.14649723563472639,0.16503097373049241,0.50378529794835,0.18223747532076015,0.3139772267308898,0.9891486206710419,1.01936913303259,0.10267367005682448,-0.9657754433143918,FALSE,2016-12-21,1,0.7278144353496088,11.677219314903152,703.5715578409166,0.18724770366542942,0.41399218738263766,0.42641650057580766,0.26015564852097317,1.0300109846799759,26.309942920627073,2016-12-21,1,1.2486578601149745,0.02046093664084961,0.006364205929021413,1,NA,NA,NA,NA
2017-01-01,01-2017,2017,1,relaxed,relaxed,75,24.506592491154265,22.452932092423005,NA,35,,FALSE,relaxed,NA,no_prediction,NA,NA,NA,NA,NA,NA,NA,NA,NA,NA,NA,NA,NA,NA,NA,NA,NA,NA,NA,NA,NA,NA,NA,NA,NA,NA,NA,NA,NA,0.015621698898716478,0.004859025026314549,1,NA,NA,NA,NA
